set,id,name,pos,age,value_before,value_after,pct_change,rank_before,rank_after
redraft|preset_12_1qb_ppr,P66d22a8d,A.J. Brown,WR,29.3,1130,2391,1.116,68,60
redraft|preset_12_1qb_ppr,Pd3dbd292,Aaron Jones,RB,31.8,992,1694,0.708,79,85
redraft|preset_12_1qb_ppr,Pedc5545b,Adonai Mitchell,WR,24,191,1137,4.953,183,130
redraft|preset_12_1qb_ppr,Peee16a37,AJ Barner,TE,24.4,9,714,78.333,275,193
redraft|preset_12_1qb_ppr,P651e176c,Alec Pierce,WR,26.4,90,1004,10.156,221,146
redraft|preset_12_1qb_ppr,P0c32190d,Alvin Kamara,RB,31.2,209,733,2.507,178,189
redraft|preset_12_1qb_ppr,Pdcb5f2b5,Amon-Ra St. Brown,WR,26.9,6673,7236,0.084,4,4
redraft|preset_12_1qb_ppr,Pea82017f,Antonio Williams,WR,22.2,158,488,2.089,199,249
redraft|preset_12_1qb_ppr,Pe845eeed,Ashton Jeanty,RB,22.8,4515,4853,0.075,18,20
redraft|preset_12_1qb_ppr,P3774ad01,Baker Mayfield,QB,31.5,25,802,31.08,260,177
redraft|preset_12_1qb_ppr,DEF_BAL,Baltimore Ravens,DEF,,402,1004,1.498,132,145
redraft|preset_12_1qb_ppr,P75899815,Barion Brown,WR,22.8,63,0,-1,242,
redraft|preset_12_1qb_ppr,P78899cce,Bauer Sharp,TE,23.4,20,0,-1,264,
redraft|preset_12_1qb_ppr,Pd6a5df9c,Ben VanSumeren,RB,26.4,1416,0,-1,59,
redraft|preset_12_1qb_ppr,Pd3865985,Bhayshul Tuten,RB,23.6,1996,2546,0.276,45,55
redraft|preset_12_1qb_ppr,P5af06916,Bijan Robinson,RB,24.7,7903,7855,-0.006,3,3
redraft|preset_12_1qb_ppr,Pdbc94768,Blake Corum,RB,25.9,457,1267,1.772,124,115
redraft|preset_12_1qb_ppr,Pd5c93df6,Bo Nix,QB,26.6,321,1526,3.754,143,95
redraft|preset_12_1qb_ppr,Pebe1657e,Braelon Allen,RB,22.7,79,673,7.519,229,202
redraft|preset_12_1qb_ppr,P7d430e0d,Brandon Aubrey,K,31.6,848,1314,0.55,89,111
redraft|preset_12_1qb_ppr,P41b4291a,Breece Hall,RB,25.3,2675,3247,0.214,37,40
redraft|preset_12_1qb_ppr,P3c36a8c1,Brenen Thompson,WR,23.2,178,0,-1,189,
redraft|preset_12_1qb_ppr,Pd2928f64,Brenton Strange,TE,25.8,129,935,6.248,209,157
redraft|preset_12_1qb_ppr,P55ce35f3,Brian Robinson,RB,27.5,23,426,17.522,261,262
redraft|preset_12_1qb_ppr,Peec555ee,Brian Thomas Jr.,WR,24,349,1274,2.65,139,114
redraft|preset_12_1qb_ppr,P9763afd4,Brock Bowers,TE,23.8,4941,5227,0.058,15,17
redraft|preset_12_1qb_ppr,P28375973,Brock Purdy,QB,26.8,2124,3262,0.536,43,39
redraft|preset_12_1qb_ppr,P777ccf48,Bryce Lance,WR,24.1,73,247,2.384,235,317
redraft|preset_12_1qb_ppr,P617b2fc0,Bryce Young,QB,25.2,384,1646,3.286,135,89
redraft|preset_12_1qb_ppr,P1c5c326e,Bucky Irving,RB,24.1,2824,3203,0.134,33,42
redraft|preset_12_1qb_ppr,Pf482d2ee,C.J. Stroud,QB,25,5,1149,228.8,280,129
redraft|preset_12_1qb_ppr,P3ab41e15,Cade Otton,TE,27.5,10,550,54,274,238
redraft|preset_12_1qb_ppr,Peaae8d4d,Cairo Santos,K,34.9,19,765,39.263,265,182
redraft|preset_12_1qb_ppr,P39436ffb,Caleb Douglas,WR,23.1,249,878,2.526,164,167
redraft|preset_12_1qb_ppr,P586ba594,Caleb Williams,QB,24.9,675,2007,1.973,100,75
redraft|preset_12_1qb_ppr,Pcea552e1,Cam Little,K,23.1,259,961,2.71,159,155
redraft|preset_12_1qb_ppr,Pd7865fd1,Cam Skattebo,RB,24.7,2687,3140,0.169,36,43
redraft|preset_12_1qb_ppr,P18734ebc,Cameron Dicker,K,26.4,182,911,4.005,187,161
redraft|preset_12_1qb_ppr,Pa40b1da4,Carnell Tate,WR,21.7,838,1828,1.181,90,80
redraft|preset_12_1qb_ppr,P1f2f863d,Case Keenum,QB,38.6,513,0,-1,118,
redraft|preset_12_1qb_ppr,P9ea67c69,CeeDee Lamb,WR,27.5,5165,5956,0.153,11,10
redraft|preset_12_1qb_ppr,P6010c4a0,Chase Brown,RB,26.5,4621,5388,0.166,16,14
redraft|preset_12_1qb_ppr,P1427b1e6,Chase McLaughlin,K,30.5,6,736,121.667,279,188
redraft|preset_12_1qb_ppr,P3f43796d,Chris Bell,WR,22.3,83,588,6.084,227,223
redraft|preset_12_1qb_ppr,Pbf25d6da,Chris Blair,WR,29,56,0,-1,246,
redraft|preset_12_1qb_ppr,Pacb49f84,Chris Boswell,K,35.6,17,679,38.941,267,201
redraft|preset_12_1qb_ppr,Pf92d7df6,Chris Godwin,WR,30.6,321,1376,3.287,142,107
redraft|preset_12_1qb_ppr,P21759b7e,Chris Olave,WR,26.3,5027,5616,0.117,13,11
redraft|preset_12_1qb_ppr,P28fb0b5f,Chris Rodriguez,RB,26,15,406,26.067,269,266
redraft|preset_12_1qb_ppr,Pccd988f6,Christian McCaffrey,RB,30.3,6302,6503,0.032,8,7
redraft|preset_12_1qb_ppr,P3db422ce,Christian Watson,WR,27.4,3405,4242,0.246,28,24
redraft|preset_12_1qb_ppr,Pcc77f3c4,Chuba Hubbard,RB,27.3,2691,2986,0.11,35,46
redraft|preset_12_1qb_ppr,DEF_CIN,Cincinnati Bengals,DEF,,1,701,700,288,194
redraft|preset_12_1qb_ppr,P630a53ae,CJ Donaldson,RB,22.2,171,0,-1,195,
redraft|preset_12_1qb_ppr,DEF_CLE,Cleveland Browns,DEF,,10,664,65.4,273,204
redraft|preset_12_1qb_ppr,P757ccc22,Colbie Young,WR,24.2,62,0,-1,243,
redraft|preset_12_1qb_ppr,Pe445e8a1,Colston Loveland,TE,22.5,882,1785,1.024,83,81
redraft|preset_12_1qb_ppr,P7ef68d96,Courtland Sutton,WR,31,491,1531,2.118,120,93
redraft|preset_12_1qb_ppr,Pfad92c83,Cyrus Allen,WR,23.6,165,247,0.497,196,318
redraft|preset_12_1qb_ppr,Pa57c15f0,D.J. Moore,WR,29.5,1906,3224,0.692,49,41
redraft|preset_12_1qb_ppr,P937141e7,D'Andre Swift,RB,27.7,3426,3631,0.06,26,33
redraft|preset_12_1qb_ppr,P0592af8e,Dak Prescott,QB,33.2,956,2297,1.403,82,65
redraft|preset_12_1qb_ppr,P8bf8e0a4,Dallas Goedert,TE,31.7,473,1324,1.799,121,110
redraft|preset_12_1qb_ppr,Pd0928c3e,Dalton Kincaid,TE,27,1731,2350,0.358,52,63
redraft|preset_12_1qb_ppr,Pfdd9406f,Dalton Schultz,TE,30.2,437,1105,1.529,126,134
redraft|preset_12_1qb_ppr,Pb2655091,Darren Waller,TE,34.1,87,753,7.655,224,183
redraft|preset_12_1qb_ppr,Pd55a2534,Davante Adams,WR,33.8,3260,3821,0.172,29,30
redraft|preset_12_1qb_ppr,Pd3e89c73,David Montgomery,RB,29.3,1962,2562,0.306,47,53
redraft|preset_12_1qb_ppr,Pa0b4d67c,David Moore,WR,31.7,275,0,-1,154,
redraft|preset_12_1qb_ppr,P78fa7c06,De'Von Achane,RB,25,876,1025,0.17,84,141
redraft|preset_12_1qb_ppr,Pe570b07f,De'Zhaun Stribling,WR,23.8,29,448,14.448,259,257
redraft|preset_12_1qb_ppr,Pc8696311,Deebo Samuel,WR,30.7,658,1764,1.681,105,82
redraft|preset_12_1qb_ppr,P06aa8ad1,Deion Burks,WR,23.7,190,0,-1,184,
redraft|preset_12_1qb_ppr,Pf6a3b5dc,Demond Claiborne,RB,23,237,0,-1,169,
redraft|preset_12_1qb_ppr,DEF_DEN,Denver Broncos,DEF,,672,1211,0.802,102,118
redraft|preset_12_1qb_ppr,Pe770b3a5,Denzel Boston,WR,22.8,664,1566,1.358,103,92
redraft|preset_12_1qb_ppr,P8156ec66,Derrick Henry,RB,32.7,5524,5416,-0.02,10,13
redraft|preset_12_1qb_ppr,P2699d2f1,Deshaun Watson,QB,31.1,124,465,2.75,210,253
redraft|preset_12_1qb_ppr,DEF_DET,Detroit Lions,DEF,,61,774,11.689,244,179
redraft|preset_12_1qb_ppr,P55a01738,Devaughn Vele,WR,28.8,190,965,4.079,185,153
redraft|preset_12_1qb_ppr,Pd5b3a919,DeVonta Smith,WR,27.9,2776,3974,0.432,34,29
redraft|preset_12_1qb_ppr,P9a0b0de6,DJ Herman,RB,24.5,387,0,-1,134,
redraft|preset_12_1qb_ppr,Pceca7f80,DK Metcalf,WR,28.8,610,1665,1.73,109,87
redraft|preset_12_1qb_ppr,Pd3751064,Dohnte Meyers,WR,26.2,110,0,-1,213,
redraft|preset_12_1qb_ppr,P89cc1232,Dontayvion Wicks,WR,25.3,217,1164,4.364,175,124
redraft|preset_12_1qb_ppr,P22759d11,Drake London,WR,25.2,3844,4796,0.248,21,21
redraft|preset_12_1qb_ppr,Pf4e37474,Drake Maye,QB,24.1,876,2288,1.612,85,66
redraft|preset_12_1qb_ppr,P416c6023,Drew Lock,QB,29.9,1058,229,-0.784,74,326
redraft|preset_12_1qb_ppr,P51a2cfa6,E.J. Jenkins,TE,27.9,101,0,-1,219,
redraft|preset_12_1qb_ppr,Pab7e047e,Eddy Pineiro,K,31.1,172,899,4.227,193,162
redraft|preset_12_1qb_ppr,P17fcc9b6,Eli Heidenreich,RB,23.3,210,0,-1,177,
redraft|preset_12_1qb_ppr,Pe2255f18,Eli Raridon,TE,22.6,50,0,-1,250,
redraft|preset_12_1qb_ppr,Pdd45dd9c,Emeka Egbuka,WR,24,1091,2403,1.203,71,59
redraft|preset_12_1qb_ppr,Peb75371f,Emmett Johnson,RB,23,293,610,1.082,148,218
redraft|preset_12_1qb_ppr,P61d992af,Erick All,TE,26.1,156,0,-1,200,
redraft|preset_12_1qb_ppr,P53793614,Evan McPherson,K,27.2,76,840,10.053,233,170
redraft|preset_12_1qb_ppr,Pc6987a56,Frank Gore Jr.,RB,24.6,1570,0,-1,55,
redraft|preset_12_1qb_ppr,P5bce3f65,Garrett Wilson,WR,26.2,3451,4153,0.203,25,26
redraft|preset_12_1qb_ppr,Pfd0453b1,Geno Smith,QB,36,3,986,327.667,285,149
redraft|preset_12_1qb_ppr,Pd4d9958e,George Kittle,TE,33,2211,2535,0.147,42,56
redraft|preset_12_1qb_ppr,P1b825dff,George Pickens,WR,25.6,3013,4167,0.383,32,25
redraft|preset_12_1qb_ppr,P24ff1cc4,Germie Bernard,WR,22.8,70,280,3,238,306
redraft|preset_12_1qb_ppr,P650055ab,Harold Fannin,TE,22.2,789,1710,1.167,93,84
redraft|preset_12_1qb_ppr,Pb8357090,Harrison Butker,K,31.2,55,835,14.182,248,171
redraft|preset_12_1qb_ppr,Pd3bb210f,Harrison Mevis,K,24.5,175,891,4.091,192,165
redraft|preset_12_1qb_ppr,Pceb8da99,Hayden Rucci,TE,25.7,95,0,-1,220,
redraft|preset_12_1qb_ppr,DEF_HOU,Houston Texans,DEF,,979,1427,0.458,80,102
redraft|preset_12_1qb_ppr,Pf4700289,Hunter Henry,TE,31.8,178,968,4.438,190,152
redraft|preset_12_1qb_ppr,P34376c57,Isaiah Likely,TE,26.5,538,1459,1.712,114,100
redraft|preset_12_1qb_ppr,P73503591,J Michael Sturdivant,WR,24.1,147,0,-1,204,
redraft|preset_12_1qb_ppr,Pfcd6ea37,J.K. Dobbins,RB,27.8,506,1200,1.372,119,120
redraft|preset_12_1qb_ppr,P16ca4e0d,Ja'Kobi Lane,WR,22.2,9,460,50.111,276,255
redraft|preset_12_1qb_ppr,P6db0c6ca,Ja'Marr Chase,WR,26.6,6558,7191,0.097,5,5
redraft|preset_12_1qb_ppr,P0cb99ecd,Jack Strand,QB,22.3,661,0,-1,104,
redraft|preset_12_1qb_ppr,P8723511e,Jackson Meeks,WR,23.5,687,0,-1,99,
redraft|preset_12_1qb_ppr,DEF_JAX,Jacksonville Jaguars,DEF,,294,970,2.299,147,151
redraft|preset_12_1qb_ppr,P205c38ba,Jacob Cowing,WR,25.7,36,0,-1,255,
redraft|preset_12_1qb_ppr,Pf015a505,Jacoby Brissett,QB,33.8,42,949,21.595,253,156
redraft|preset_12_1qb_ppr,P8733a976,Jacory Croskey-Merritt,RB,25.5,651,1355,1.081,106,108
redraft|preset_12_1qb_ppr,Pb2405cdf,Jadarian Price,RB,23,1045,1648,0.577,75,88
redraft|preset_12_1qb_ppr,P6e8a4ec1,Jahmyr Gibbs,RB,24.5,10000,9910,-0.009,1,1
redraft|preset_12_1qb_ppr,Peb80862c,Jake Bates,K,27.6,68,832,11.235,239,173
redraft|preset_12_1qb_ppr,Pec95bf15,Jake Briningstool,TE,23.8,31,0,-1,257,
redraft|preset_12_1qb_ppr,Pab4feb64,Jake Ferguson,TE,27.7,281,1047,2.726,151,140
redraft|preset_12_1qb_ppr,P4de4ed2a,Jakobi Meyers,WR,29.9,523,1524,1.914,115,96
redraft|preset_12_1qb_ppr,Pdabb2c14,Jalen Coker,WR,24.9,1539,2654,0.724,56,52
redraft|preset_12_1qb_ppr,P219a7eaf,Jalen Hurts,QB,28.2,1041,2448,1.352,76,58
redraft|preset_12_1qb_ppr,P57fbc406,Jalen Royals,WR,23.6,117,0,-1,211,
redraft|preset_12_1qb_ppr,Pc2ae54ff,Jalon Daniels,QB,23.9,214,0,-1,176,
redraft|preset_12_1qb_ppr,P66171db0,Jameis Winston,QB,32.7,110,294,1.673,214,300
redraft|preset_12_1qb_ppr,P208265de,James Cook,RB,27,5024,5276,0.05,14,16
redraft|preset_12_1qb_ppr,P18825946,Jameson Williams,WR,25.5,834,2040,1.446,91,72
redraft|preset_12_1qb_ppr,P631898a5,Jared Goff,QB,32,759,2062,1.717,96,71
redraft|preset_12_1qb_ppr,Pba244ce0,Jared Wayne,WR,26,147,150,0.02,205,376
redraft|preset_12_1qb_ppr,P81804cc5,Jason Myers,K,35.4,361,1016,1.814,138,142
redraft|preset_12_1qb_ppr,P13768895,Jauan Jennings,WR,29.2,4,518,128.5,283,244
redraft|preset_12_1qb_ppr,P689f75ca,Javonte Williams,RB,26.4,3637,4015,0.104,22,28
redraft|preset_12_1qb_ppr,P5bf06aa9,Jaxon Smith-Njigba,WR,24.6,7987,8440,0.057,2,2
redraft|preset_12_1qb_ppr,Pd6e0b576,Jaxson Dart,QB,23.4,133,303,1.278,208,294
redraft|preset_12_1qb_ppr,P506b98fc,Jayden Daniels,QB,25.8,265,1408,4.313,157,106
redraft|preset_12_1qb_ppr,Pe97e446f,Jayden Reed,WR,26.4,79,749,8.481,230,184
redraft|preset_12_1qb_ppr,P55e5175f,Jaylen Waddle,WR,27.9,1700,3042,0.789,53,45
redraft|preset_12_1qb_ppr,P1c735508,Jaylen Warren,RB,27.9,1874,2328,0.242,50,64
redraft|preset_12_1qb_ppr,P65de1629,Jaylen Wright,RB,23.5,84,610,6.262,226,217
redraft|preset_12_1qb_ppr,P52cbf2a3,Jelani Woods,TE,28,154,0,-1,201,
redraft|preset_12_1qb_ppr,Pe772f23c,Jeremiyah Love,RB,21.3,3611,3718,0.03,24,31
redraft|preset_12_1qb_ppr,P3020788f,Joe Burrow,QB,29.8,1269,2667,1.102,62,50
redraft|preset_12_1qb_ppr,P19fcccdc,Jonah Coleman,RB,23.1,164,570,2.476,197,228
redraft|preset_12_1qb_ppr,P897dfe1c,Jonathan Taylor,RB,27.7,6487,6498,0.002,6,8
redraft|preset_12_1qb_ppr,P8d61617f,Jonathon Brooks,RB,23.2,108,462,3.278,216,254
redraft|preset_12_1qb_ppr,Pd7a1a1cd,Jordan Addison,WR,24.7,465,1489,2.202,123,97
redraft|preset_12_1qb_ppr,Pe3391b1b,Jordan James,RB,22.5,414,0,-1,131,
redraft|preset_12_1qb_ppr,P9873885d,Jordan Love,QB,27.9,345,1646,3.771,141,90
redraft|preset_12_1qb_ppr,P7c5364d2,Jordan Mason,RB,27.4,200,892,3.46,181,164
redraft|preset_12_1qb_ppr,Pe6391fd4,Jordan Watkins,WR,24.6,425,0,-1,128,
redraft|preset_12_1qb_ppr,Ped72fbae,Jordyn Tyson,WR,22.1,205,1110,4.415,180,133
redraft|preset_12_1qb_ppr,P3574a9db,Josh Allen,QB,30.4,4592,5308,0.156,17,15
redraft|preset_12_1qb_ppr,Pf2a3af90,Josh Cameron,WR,23.5,140,231,0.65,206,325
redraft|preset_12_1qb_ppr,P0fd70efb,Josh Cuevas,TE,23,154,0,-1,202,
redraft|preset_12_1qb_ppr,Pd4a19d14,Josh Downs,WR,25.1,851,2130,1.503,88,68
redraft|preset_12_1qb_ppr,P456c666f,Josh Jacobs,RB,28.6,595,1258,1.114,110,116
redraft|preset_12_1qb_ppr,Pa9a68dba,Justin Herbert,QB,28.6,257,1446,4.626,161,101
redraft|preset_12_1qb_ppr,Pa2b34ea8,Justin Jefferson,WR,27.3,4190,5491,0.311,20,12
redraft|preset_12_1qb_ppr,P5d585ad9,Juwan Johnson,TE,30.1,861,1607,0.866,87,91
redraft|preset_12_1qb_ppr,P7f61769c,Ka'imi Fairbairn,K,32.7,431,1050,1.436,127,139
redraft|preset_12_1qb_ppr,P0f2376b5,Kaden Davis,WR,28,577,0,-1,111,
redraft|preset_12_1qb_ppr,Pe27fb650,Kaelon Black,RB,25,269,648,1.409,156,206
redraft|preset_12_1qb_ppr,P451d903f,Kalif Raymond,WR,32.2,260,1130,3.346,158,131
redraft|preset_12_1qb_ppr,DEF_KC,Kansas City Chiefs,DEF,,236,923,2.911,171,159
redraft|preset_12_1qb_ppr,P768999a8,Kaytron Allen,RB,23.7,225,142,-0.369,174,380
redraft|preset_12_1qb_ppr,P3d346bbd,KC Concepcion,WR,22,361,1305,2.615,137,112
redraft|preset_12_1qb_ppr,Pcd857dc6,Keaton Mitchell,RB,24.7,7,446,62.714,277,258
redraft|preset_12_1qb_ppr,P847e4019,Keenan Allen,WR,34.4,177,1007,4.689,191,143
redraft|preset_12_1qb_ppr,Pdab3b0f8,Kenneth Gainwell,RB,27.6,250,845,2.38,163,169
redraft|preset_12_1qb_ppr,P2bb6450f,Kenneth Walker III,RB,26,6481,6479,0,7,9
redraft|preset_12_1qb_ppr,Pe270abc6,Kenyon Sadiq,TE,21.6,393,1003,1.552,133,147
redraft|preset_12_1qb_ppr,P33436689,Kevin Coleman,WR,23.1,101,187,0.851,218,345
redraft|preset_12_1qb_ppr,Pad7d33a7,Khalil Shakir,WR,26.7,259,1223,3.722,160,117
redraft|preset_12_1qb_ppr,P9a0cf837,Ko Kieft,TE,28.7,104,0,-1,217,
redraft|preset_12_1qb_ppr,P8d44fc09,Kyle Monangai,RB,24.3,442,1094,1.475,125,135
redraft|preset_12_1qb_ppr,Pdfb83605,Kyle Pitts,TE,26,278,1083,2.896,153,138
redraft|preset_12_1qb_ppr,Paf8e3612,Kyler Murray,QB,29.2,206,1411,5.85,179,105
redraft|preset_12_1qb_ppr,P222606e0,Kyren Williams,RB,26.1,3106,3510,0.13,31,35
redraft|preset_12_1qb_ppr,P4d6b9443,Ladd McConkey,WR,24.9,1421,2731,0.922,58,47
redraft|preset_12_1qb_ppr,Pc79006d9,Lamar Jackson,QB,29.7,2316,3660,0.58,41,32
redraft|preset_12_1qb_ppr,P2ab47db7,Lan Larison,RB,25,1826,0,-1,51,
redraft|preset_12_1qb_ppr,DEF_LV,Las Vegas Raiders,DEF,,1,596,595,287,222
redraft|preset_12_1qb_ppr,P56918e64,Lew Nichols,RB,25.1,1114,0,-1,69,
redraft|preset_12_1qb_ppr,P2b03a364,Lewis Bond,WR,23.3,674,0,-1,101,
redraft|preset_12_1qb_ppr,DEF_LAC,Los Angeles Chargers,DEF,,4,689,171.25,282,198
redraft|preset_12_1qb_ppr,DEF_LAR,Los Angeles Rams,DEF,,866,1329,0.535,86,109
redraft|preset_12_1qb_ppr,Pd381dc57,Luther Burden,WR,22.8,1236,2552,1.065,64,54
redraft|preset_12_1qb_ppr,P98947639,Mack Hollins,WR,33,13,393,29.231,271,270
redraft|preset_12_1qb_ppr,P0fc80471,Makai Lemon,WR,22.3,243,982,3.041,168,150
redraft|preset_12_1qb_ppr,Pec8204a5,Malachi Fields,WR,23.1,89,560,5.292,223,232
redraft|preset_12_1qb_ppr,Pfed932cf,Malik Benson,WR,24,31,0,-1,258,
redraft|preset_12_1qb_ppr,P50b5f04e,Malik McClain,WR,24,227,0,-1,173,
redraft|preset_12_1qb_ppr,P8e63a1a9,Malik Nabers,WR,23.2,2050,3314,0.617,44,37
redraft|preset_12_1qb_ppr,Pe7c30c52,Malik Washington,WR,25.7,270,1184,3.385,155,123
redraft|preset_12_1qb_ppr,P39b41c82,Malik Willis,QB,27.4,72,1156,15.056,237,127
redraft|preset_12_1qb_ppr,P4299c2d6,Mark Andrews,TE,31.1,347,1206,2.476,140,119
redraft|preset_12_1qb_ppr,P26015cee,Marlin Klein,TE,24,85,0,-1,225,
redraft|preset_12_1qb_ppr,P5cd98ad0,MarShawn Lloyd,RB,25.7,307,543,0.769,144,241
redraft|preset_12_1qb_ppr,P68e05979,Marvin Harrison Jr.,WR,24.1,236,1006,3.263,170,144
redraft|preset_12_1qb_ppr,P69005bf7,Matthew Golden,WR,23.2,1083,2271,1.097,72,67
redraft|preset_12_1qb_ppr,P0dca3fe2,Matthew Hibner,TE,24.6,63,0,-1,241,
redraft|preset_12_1qb_ppr,P9e7cde13,Matthew Stafford,QB,38.7,645,1920,1.977,107,77
redraft|preset_12_1qb_ppr,P618bb730,Max Bredeson,TE,24,151,0,-1,203,
redraft|preset_12_1qb_ppr,P78288327,Michael Burton,RB,34.7,472,0,-1,122,
redraft|preset_12_1qb_ppr,P18769074,Michael Pittman,WR,29,230,1163,4.057,172,125
redraft|preset_12_1qb_ppr,P65f2b8fe,Michael Wilson,WR,26.6,1691,2506,0.482,54,57
redraft|preset_12_1qb_ppr,P819195e6,Mike Evans,WR,33.1,1399,2688,0.921,61,49
redraft|preset_12_1qb_ppr,Pb37c2bfa,Mike Gesicki,TE,31,1,497,496,286,246
redraft|preset_12_1qb_ppr,P0eca4175,Mike Washington Jr.,RB,23.3,246,554,1.252,166,234
redraft|preset_12_1qb_ppr,DEF_MIN,Minnesota Vikings,DEF,,763,1280,0.678,95,113
redraft|preset_12_1qb_ppr,Pda6f7d3d,Najee Harris,RB,28.6,253,331,0.308,162,286
redraft|preset_12_1qb_ppr,Pb13e1cb5,Nate Boerkircher,TE,25.1,13,0,-1,272,
redraft|preset_12_1qb_ppr,DEF_NE,New England Patriots,DEF,,304,965,2.174,145,154
redraft|preset_12_1qb_ppr,P0ed70d68,Nicholas Singleton,RB,22.7,422,130,-0.692,129,394
redraft|preset_12_1qb_ppr,P980cf511,Nick Muse,TE,27.9,63,0,-1,240,
redraft|preset_12_1qb_ppr,Pcd77f557,Nico Collins,WR,27.5,3632,4614,0.27,23,22
redraft|preset_12_1qb_ppr,Pdc2a058c,Ollie Gordon,RB,22.7,296,895,2.024,146,163
redraft|preset_12_1qb_ppr,P68005a64,Omarion Hampton,RB,23.6,2400,3059,0.275,39,44
redraft|preset_12_1qb_ppr,P612d1582,Oronde Gadsden,TE,23.3,21,576,26.429,262,226
redraft|preset_12_1qb_ppr,Pe981ffec,Oscar Delp,TE,23.2,108,0,-1,215,
redraft|preset_12_1qb_ppr,Pa7fe11e3,Parker Washington,WR,24.5,3421,4444,0.299,27,23
redraft|preset_12_1qb_ppr,P6442e08a,Pat Bryant,WR,23.8,16,720,44,268,191
redraft|preset_12_1qb_ppr,P92ac03e2,Patrick Mahomes,QB,31,1181,2353,0.992,66,62
redraft|preset_12_1qb_ppr,DEF_PHI,Philadelphia Eagles,DEF,,520,1121,1.156,117,132
redraft|preset_12_1qb_ppr,DEF_PIT,Pittsburgh Steelers,DEF,,286,994,2.476,149,148
redraft|preset_12_1qb_ppr,P0df794fe,Puka Nacua,WR,25.3,6235,6826,0.095,9,6
redraft|preset_12_1qb_ppr,P5cf06c3c,Quentin Johnston,WR,25.1,285,1193,3.186,150,122
redraft|preset_12_1qb_ppr,Pd47511f7,Quinshon Judkins,RB,22.9,1258,2097,0.667,63,70
redraft|preset_12_1qb_ppr,P1c849e29,Rachaad White,RB,27.7,280,919,2.282,152,160
redraft|preset_12_1qb_ppr,P0bf55341,Rashee Rice,WR,26.4,2394,3327,0.39,40,36
redraft|preset_12_1qb_ppr,P78626910,Rashid Shaheed,WR,28.1,14,691,48.357,270,197
redraft|preset_12_1qb_ppr,Pd87e84a1,Rhamondre Stevenson,RB,28.6,1099,1906,0.734,70,78
redraft|preset_12_1qb_ppr,P77c8a14e,Rico Dowdle,RB,28.3,420,1089,1.593,130,137
redraft|preset_12_1qb_ppr,Pdf255a5f,Riley Nowakowski,TE,24.3,61,0,-1,245,
redraft|preset_12_1qb_ppr,Pce81d478,RJ Harvey,RB,25.7,746,1414,0.895,97,104
redraft|preset_12_1qb_ppr,Pffc3e96d,Robert Tonyan,TE,32.4,76,0,-1,234,
redraft|preset_12_1qb_ppr,P596ba727,Rome Odunze,WR,24.3,637,1734,1.722,108,83
redraft|preset_12_1qb_ppr,Pba322f1b,Romeo Doubs,WR,26.5,191,1157,5.058,182,126
redraft|preset_12_1qb_ppr,Pcba78cbf,Ryan Flournoy,WR,26.9,81,796,8.827,228,178
redraft|preset_12_1qb_ppr,P2b725b86,Sam Darnold,QB,29.3,73,1154,14.808,236,128
redraft|preset_12_1qb_ppr,P09f5501b,Sam LaPorta,TE,25.7,1137,1900,0.671,67,79
redraft|preset_12_1qb_ppr,P34369c29,Sam Roush,TE,23.1,47,0,-1,251,
redraft|preset_12_1qb_ppr,DEF_SF,San Francisco 49ers,DEF,,41,811,18.78,254,175
redraft|preset_12_1qb_ppr,Pa477972f,Saquon Barkley,RB,29.6,3235,4080,0.261,30,27
redraft|preset_12_1qb_ppr,DEF_SEA,Seattle Seahawks,DEF,,970,1424,0.468,81,103
redraft|preset_12_1qb_ppr,Pfba83ae9,Seth McGowan,RB,24.9,112,131,0.17,212,392
redraft|preset_12_1qb_ppr,Pc448ad54,Spencer Shrader,K,27.4,164,747,3.555,198,187
redraft|preset_12_1qb_ppr,P712ab6b9,Stefon Diggs,WR,32.8,1059,2032,0.919,73,73
redraft|preset_12_1qb_ppr,P78881fe8,Stetson Bennett,QB,28.9,550,0,-1,113,
redraft|preset_12_1qb_ppr,Pb08e37a5,T.J. Hockenson,TE,29.3,21,748,34.619,263,185
redraft|preset_12_1qb_ppr,Pf2820e17,Ted Hurst,WR,22.3,134,556,3.149,207,233
redraft|preset_12_1qb_ppr,Pb4147c68,Tee Higgins,WR,27.7,2513,3516,0.399,38,34
redraft|preset_12_1qb_ppr,Pd581df7d,Terrance Ferguson,TE,23.6,55,696,11.655,247,195
redraft|preset_12_1qb_ppr,P5bcd9c0e,Terry McLaurin,WR,31,1023,2389,1.335,78,61
redraft|preset_12_1qb_ppr,Pe245e57b,Tetairoa McMillan,WR,23.5,1966,3273,0.665,46,38
redraft|preset_12_1qb_ppr,P4b8033f2,Tommy DeVito,QB,28.2,550,0,-1,112,
redraft|preset_12_1qb_ppr,P3097fb81,Tony Pollard,RB,29.4,767,1479,0.928,94,99
redraft|preset_12_1qb_ppr,Pdcb8314c,Travis Etienne,RB,27.7,1036,1675,0.617,77,86
redraft|preset_12_1qb_ppr,Pd28657f2,Travis Hunter,WR,23.4,18,272,14.111,266,307
redraft|preset_12_1qb_ppr,P6a097c76,Travis Kelce,TE,37,1413,2021,0.43,60,74
redraft|preset_12_1qb_ppr,Pe3f5bdef,Tre Tucker,WR,25.6,171,1093,5.392,194,136
redraft|preset_12_1qb_ppr,Pd281dac4,TreVeyon Henderson,RB,23.9,1194,1939,0.624,65,76
redraft|preset_12_1qb_ppr,Pdeb83472,Trevor Lawrence,QB,27,1506,2664,0.769,57,51
redraft|preset_12_1qb_ppr,P57ce3919,Trey McBride,TE,26.9,5035,5034,0,12,19
redraft|preset_12_1qb_ppr,P01d93788,Trey Smack,K,23.2,4,748,186,281,186
redraft|preset_12_1qb_ppr,Pb6398cc0,Treyton Welch,TE,25.7,245,0,-1,167,
redraft|preset_12_1qb_ppr,Pd5a19ea7,Tucker Kraft,TE,25.9,696,1529,1.197,98,94
redraft|preset_12_1qb_ppr,P78edb013,Tyjae Spears,RB,25.3,89,631,6.09,222,210
redraft|preset_12_1qb_ppr,Paf7d36cd,Tyler Allgeier,RB,26.5,33,578,16.515,256,224
redraft|preset_12_1qb_ppr,P84cf718a,Tyler Bass,K,29.6,4,731,181.75,284,190
redraft|preset_12_1qb_ppr,Pf715b00a,Tyler Higbee,TE,33.8,7,129,17.429,278,395
redraft|preset_12_1qb_ppr,P69b0c759,Tyler Loop,K,25.2,78,850,9.897,232,168
redraft|preset_12_1qb_ppr,Pd9932eea,Tyler Shough,QB,27,806,2130,1.643,92,69
redraft|preset_12_1qb_ppr,Pde45df2f,Tyler Warren,TE,24.4,1960,2694,0.374,48,48
redraft|preset_12_1qb_ppr,P4b8f3e7c,Tyson Bagent,QB,26.3,179,0,-1,188,
redraft|preset_12_1qb_ppr,Pbcb11924,Wan'Dale Robinson,WR,25.7,521,1485,1.85,116,98
redraft|preset_12_1qb_ppr,Pc9a54b02,Will Reichard,K,25.7,53,805,14.189,249,176
redraft|preset_12_1qb_ppr,Pabb9c5f8,Woody Marks,RB,25.8,183,834,3.557,186,172
redraft|preset_12_1qb_ppr,Pf1c55aa7,Xavier Worthy,WR,23.4,248,1195,3.819,165,121
redraft|preset_12_1qb_ppr,Pf682d614,Zach Charbonnet,RB,25.7,367,925,1.52,136,158
redraft|preset_12_1qb_ppr,Pe681fb33,Zachariah Branch,WR,22.5,46,221,3.804,252,327
redraft|preset_12_1qb_ppr,Pe57fbb09,Zavion Thomas,WR,22.6,79,0,-1,231,
redraft|preset_12_1qb_ppr,P08f54e88,Zay Flowers,WR,26.1,4317,5081,0.177,19,18
redraft|preset_12_1qb_ppr,Pb0c3f824,A.J. Ouellette,RB,31.2,0,131,,,393
redraft|preset_12_1qb_ppr,Pdec5ace5,Aaron Rodgers,QB,42.8,0,609,,,219
redraft|preset_12_1qb_ppr,P9887bc9e,Adam Humphries,WR,33.3,0,150,,,377
redraft|preset_12_1qb_ppr,Pa7f145f0,Adrian Martinez,QB,26.7,0,328,,,288
redraft|preset_12_1qb_ppr,P2a4c4b72,Al Riles,WR,33,0,171,,,361
redraft|preset_12_1qb_ppr,P5b8d1915,Andre Szmyt,K,28,0,166,,,367
redraft|preset_12_1qb_ppr,P30fb17f7,Andrei Iosivas,WR,27,0,158,,,373
redraft|preset_12_1qb_ppr,P1d3d8ff4,Andres Borregales,K,24.7,0,616,,,214
redraft|preset_12_1qb_ppr,P8df8e3ca,Anthony Miller,WR,32,0,149,,,378
redraft|preset_12_1qb_ppr,P8b23576a,Anthony Tyus,RB,23.5,0,163,,,369
redraft|preset_12_1qb_ppr,DEF_ARI,Arizona Cardinals,DEF,,0,428,,,261
redraft|preset_12_1qb_ppr,DEF_ATL,Atlanta Falcons,DEF,,0,626,,,212
redraft|preset_12_1qb_ppr,P66fb0108,Bell Braylon,WR,,0,404,,,267
redraft|preset_12_1qb_ppr,Pc28bba6f,Blake Grupe,K,27.9,0,258,,,311
redraft|preset_12_1qb_ppr,DEF_BUF,Buffalo Bills,DEF,,0,767,,,181
redraft|preset_12_1qb_ppr,P3188f28a,C.J. Worton,WR,30.7,0,298,,,296
redraft|preset_12_1qb_ppr,Pa579d759,Calvin Ridley,WR,31.8,0,251,,,315
redraft|preset_12_1qb_ppr,Pea0365a1,Cam Ward,QB,24.4,0,681,,,200
redraft|preset_12_1qb_ppr,DEF_CAR,Carolina Panthers,DEF,,0,564,,,231
redraft|preset_12_1qb_ppr,Pbb4a7199,Cayleb Jones,WR,33.5,0,254,,,313
redraft|preset_12_1qb_ppr,Pdff5b7a3,Chad Ryland,K,27,0,515,,,245
redraft|preset_12_1qb_ppr,Paa4fe9d1,Charlie Kolar,TE,27.6,0,174,,,356
redraft|preset_12_1qb_ppr,DEF_CHI,Chicago Bears,DEF,,0,627,,,211
redraft|preset_12_1qb_ppr,Pb32fe57f,Chigoziem Okonkwo,TE,27.1,0,553,,,237
redraft|preset_12_1qb_ppr,P4389486c,Chimere Dike,WR,24.8,0,162,,,371
redraft|preset_12_1qb_ppr,P38e9db6e,Chris Brooks,RB,26.7,0,157,,,374
redraft|preset_12_1qb_ppr,Pd2c24b71,Chris Moore,WR,33.3,0,151,,,375
redraft|preset_12_1qb_ppr,P8a800584,Chris Tyree,WR,24.8,0,387,,,272
redraft|preset_12_1qb_ppr,Pdafc7d1b,Cody Chrest,WR,28.5,0,298,,,297
redraft|preset_12_1qb_ppr,Pa6e84b74,Cody White,WR,27.8,0,183,,,351
redraft|preset_12_1qb_ppr,P0478af8f,Colby Parkinson,TE,27.7,0,179,,,355
redraft|preset_12_1qb_ppr,P63f67f21,Connor Neighbors,RB,34.8,0,126,,,397
redraft|preset_12_1qb_ppr,Pfe320303,Cooper Kupp,WR,33.3,0,554,,,235
redraft|preset_12_1qb_ppr,DEF_DAL,Dallas Cowboys,DEF,,0,642,,,207
redraft|preset_12_1qb_ppr,Pa57bbc75,Daniel Carlson,K,31.7,0,688,,,199
redraft|preset_12_1qb_ppr,P9a20d453,Daniel George,WR,,0,144,,,379
redraft|preset_12_1qb_ppr,Pbf6954e6,Daniel Jones,QB,29.4,0,878,,,166
redraft|preset_12_1qb_ppr,P2eda84cd,Darius Slayton,WR,29.7,0,172,,,359
redraft|preset_12_1qb_ppr,P21ae0667,Darnell Mooney,WR,28.9,0,282,,,305
redraft|preset_12_1qb_ppr,P66f2ba91,Darnell Washington,TE,25.1,0,168,,,365
redraft|preset_12_1qb_ppr,P9cae5237,David Njoku,TE,30.2,0,205,,,336
redraft|preset_12_1qb_ppr,Pca4af55d,David White,WR,26.2,0,330,,,287
redraft|preset_12_1qb_ppr,Pdfe8af57,Dawson Knox,TE,29.9,0,140,,,381
redraft|preset_12_1qb_ppr,P27d9ec2e,De'Quan Hampton,WR,32.5,0,205,,,337
redraft|preset_12_1qb_ppr,P0e5a08f4,Demarcus Robinson,WR,32,0,349,,,279
redraft|preset_12_1qb_ppr,Pb902a9d4,Demario Douglas,WR,25.8,0,301,,,295
redraft|preset_12_1qb_ppr,Pd4133162,Dennis Parks,WR,32.2,0,372,,,276
redraft|preset_12_1qb_ppr,P4eaa9141,Devin Gardner,WR,34.8,0,404,,,268
redraft|preset_12_1qb_ppr,Pcb634f5c,Devon Allen,WR,31.8,0,139,,,385
redraft|preset_12_1qb_ppr,P87ad947b,Dominic Zvada,K,22.9,0,542,,,242
redraft|preset_12_1qb_ppr,P0ab5479d,Dorian Baker,WR,30.3,0,139,,,384
redraft|preset_12_1qb_ppr,P6ed3292d,Drake Stoops,WR,27.3,0,257,,,312
redraft|preset_12_1qb_ppr,P04b7539e,Drew Stevens,K,22.8,0,567,,,230
redraft|preset_12_1qb_ppr,Pb1170022,Dustin Hopkins,K,36,0,125,,,399
redraft|preset_12_1qb_ppr,P503c0549,Dylan Sampson,RB,22,0,129,,,396
redraft|preset_12_1qb_ppr,Pe83922fa,Elic Ayomanor,WR,23.3,0,340,,,281
redraft|preset_12_1qb_ppr,P10ca449b,Elijah Sarratt,WR,23.4,0,167,,,366
redraft|preset_12_1qb_ppr,Pc917988a,Emanuel Wilson,RB,27.4,0,242,,,322
redraft|preset_12_1qb_ppr,P98ae4beb,Evan Engram,TE,32.1,0,285,,,303
redraft|preset_12_1qb_ppr,P738b0df3,Ezekiel Elliott,RB,31.2,0,269,,,309
redraft|preset_12_1qb_ppr,Pdf5d0eb9,Ezell Ruffin,WR,34.5,0,171,,,362
redraft|preset_12_1qb_ppr,P4038eda4,Fernando Mendoza,QB,23,0,270,,,308
redraft|preset_12_1qb_ppr,P77fa7a73,Garett Maag,WR,26.8,0,171,,,363
redraft|preset_12_1qb_ppr,Pafc2aa02,George Holani,RB,26.8,0,184,,,349
redraft|preset_12_1qb_ppr,DEF_GB,Green Bay Packers,DEF,,0,719,,,192
redraft|preset_12_1qb_ppr,P2084a475,Greg Dulcich,TE,26.5,0,496,,,247
redraft|preset_12_1qb_ppr,Pb2b9d0fd,Gunnar Helm,TE,24.1,0,484,,,252
redraft|preset_12_1qb_ppr,DEF_IND,Indianapolis Colts,DEF,,0,673,,,203
redraft|preset_12_1qb_ppr,P5f004c39,Isaac TeSlaa,WR,24.6,0,441,,,260
redraft|preset_12_1qb_ppr,P529dd3e8,Isaiah Williams,WR,25.7,0,173,,,357
redraft|preset_12_1qb_ppr,Pe3733c2a,J.J. McCarthy,QB,23.7,0,208,,,335
redraft|preset_12_1qb_ppr,Pcb840e56,Jack Bech,WR,23.8,0,201,,,338
redraft|preset_12_1qb_ppr,P5ace3dd2,Jahan Dotson,WR,26.5,0,210,,,334
redraft|preset_12_1qb_ppr,P7fbc6428,Jake Elliott,K,31.7,0,578,,,225
redraft|preset_12_1qb_ppr,Pb24413d0,Jalen Jackson,RB,26.3,0,135,,,390
redraft|preset_12_1qb_ppr,Pf0e36e28,Jalen McMillan,WR,24.8,0,363,,,278
redraft|preset_12_1qb_ppr,P958e5700,Jalen Nailor,WR,27.6,0,549,,,239
redraft|preset_12_1qb_ppr,Pc3a2faab,Jamel Johnson,WR,35.2,0,185,,,347
redraft|preset_12_1qb_ppr,P3299c3d7,Jarius Wright,WR,36.9,0,390,,,271
redraft|preset_12_1qb_ppr,Pc59003b3,Jason Sanders,K,30.9,0,457,,,256
redraft|preset_12_1qb_ppr,P5842cda6,Jaylin Noel,WR,24.1,0,386,,,274
redraft|preset_12_1qb_ppr,P7ea6f3af,Jazz Ferguson,WR,29.7,0,372,,,277
redraft|preset_12_1qb_ppr,Pbb16c604,Jerry Jeudy,WR,27.4,0,425,,,263
redraft|preset_12_1qb_ppr,P1eb15d74,Joe Mixon,RB,30.2,0,314,,,292
redraft|preset_12_1qb_ppr,Pf44e5efe,Joey Slye,K,30.5,0,441,,,259
redraft|preset_12_1qb_ppr,P190ffebb,John FitzPatrick,TE,26.6,0,190,,,344
redraft|preset_12_1qb_ppr,P69fb05c1,Josh Reese,WR,35.7,0,387,,,273
redraft|preset_12_1qb_ppr,P853bd1e4,Joshua Dobbs,QB,31.7,0,125,,,400
redraft|preset_12_1qb_ppr,P659d327a,Joshua Palmer,WR,27,0,191,,,343
redraft|preset_12_1qb_ppr,Pb5ce0472,Junior Vandeross,WR,,0,212,,,332
redraft|preset_12_1qb_ppr,P36e7078c,Justice Hill,RB,28.9,0,323,,,290
redraft|preset_12_1qb_ppr,P1da8ad52,Justin Tucker,K,36.9,0,553,,,236
redraft|preset_12_1qb_ppr,P64573446,K.J. Costello,QB,29.3,0,326,,,289
redraft|preset_12_1qb_ppr,Pe036d7cb,Kaleb Johnson,RB,23.1,0,246,,,321
redraft|preset_12_1qb_ppr,P6f64ad2e,Kasey Closs,WR,34.5,0,185,,,348
redraft|preset_12_1qb_ppr,Pbb2ff217,KaVontae Turpin,WR,30.2,0,180,,,352
redraft|preset_12_1qb_ppr,Pb5fe27ed,Kayshon Boutte,WR,24.4,0,548,,,240
redraft|preset_12_1qb_ppr,P5df2ac66,Kendre Miller,RB,24.3,0,214,,,331
redraft|preset_12_1qb_ppr,Pbc3576dc,Kendrick Bourne,WR,31.2,0,336,,,284
redraft|preset_12_1qb_ppr,P556ddf72,Keon Coleman,WR,23.4,0,485,,,251
redraft|preset_12_1qb_ppr,P8c5493f9,Kimani Vidal,RB,25.1,0,193,,,340
redraft|preset_12_1qb_ppr,Pc049d3ab,Kirk Cousins,QB,38.1,0,598,,,221
redraft|preset_12_1qb_ppr,Pa8b782a8,Konata Mumpfield,WR,23.9,0,171,,,360
redraft|preset_12_1qb_ppr,Pfc46e88e,Kyle Allen,QB,30.6,0,139,,,382
redraft|preset_12_1qb_ppr,P49c369be,Kyle Juszczyk,RB,35.4,0,172,,,358
redraft|preset_12_1qb_ppr,P6142dbd1,Kyle Williams,WR,23.9,0,219,,,328
redraft|preset_12_1qb_ppr,Pc7f730a0,Malcolm Brown,RB,33.4,0,126,,,398
redraft|preset_12_1qb_ppr,Pafb6e2d4,Marcus Lucas,TE,34.6,0,494,,,248
redraft|preset_12_1qb_ppr,Pc8ad662d,Marcus Mariota,QB,32.9,0,291,,,301
redraft|preset_12_1qb_ppr,Pa0b77610,Mark Redman,TE,24.7,0,139,,,383
redraft|preset_12_1qb_ppr,Pc59d0849,Marvin Mims,WR,24.5,0,171,,,364
redraft|preset_12_1qb_ppr,Pd481ddea,Mason Taylor,TE,22.4,0,137,,,387
redraft|preset_12_1qb_ppr,P2897eee9,Matt Gay,K,32.6,0,625,,,213
redraft|preset_12_1qb_ppr,Pb24c7f33,Max Brosmer,QB,25.5,0,137,,,389
redraft|preset_12_1qb_ppr,DEF_MIA,Miami Dolphins,DEF,,0,321,,,291
redraft|preset_12_1qb_ppr,P0af551ae,Michael Mayer,TE,25.2,0,250,,,316
redraft|preset_12_1qb_ppr,P4f6b9769,Michael Penix Jr.,QB,26.4,0,827,,,174
redraft|preset_12_1qb_ppr,Pe4f98034,Miller Forristall,TE,28.6,0,340,,,280
redraft|preset_12_1qb_ppr,P92dcd336,Nate Iese,TE,32,0,135,,,391
redraft|preset_12_1qb_ppr,DEF_NO,New Orleans Saints,DEF,,0,638,,,208
redraft|preset_12_1qb_ppr,DEF_NYG,New York Giants,DEF,,0,613,,,215
redraft|preset_12_1qb_ppr,DEF_NYJ,New York Jets,DEF,,0,635,,,209
redraft|preset_12_1qb_ppr,Pe275ae4c,Nick Bowers,TE,30.4,0,233,,,324
redraft|preset_12_1qb_ppr,Pc890086c,Nick Chubb,RB,30.8,0,216,,,330
redraft|preset_12_1qb_ppr,Pa8fb95bf,Nick Folk,K,41.9,0,574,,,227
redraft|preset_12_1qb_ppr,Pd2ca85cc,Noah Fant,TE,28.9,0,179,,,354
redraft|preset_12_1qb_ppr,P54b5eff0,Odell Beckham,WR,33.9,0,186,,,346
redraft|preset_12_1qb_ppr,Pb3405e72,Omar Cooper Jr.,WR,22.8,0,421,,,264
redraft|preset_12_1qb_ppr,Pd36f7238,Pat Freiermuth,TE,27.9,0,570,,,229
redraft|preset_12_1qb_ppr,P9c2fe203,Peter LeBlanc,WR,25.5,0,298,,,298
redraft|preset_12_1qb_ppr,P1f0ff3e3,Philip Rivers,QB,44.8,0,417,,,265
redraft|preset_12_1qb_ppr,Pfd89b4e9,Quali Conley,RB,24,0,246,,,319
redraft|preset_12_1qb_ppr,Pc24ed6fa,Raheim Sanders,RB,24.3,0,246,,,320
redraft|preset_12_1qb_ppr,Pc977ef0b,Rashod Bateman,WR,26.8,0,694,,,196
redraft|preset_12_1qb_ppr,P64de1496,Ray Davis,RB,26.9,0,251,,,314
redraft|preset_12_1qb_ppr,P598acf0a,Ray Hamilton,TE,33.9,0,298,,,299
redraft|preset_12_1qb_ppr,P685e2e85,Raylen Sharpe,WR,,0,333,,,285
redraft|preset_12_1qb_ppr,Pc582e3e6,Riley Patterson,K,27.1,0,192,,,341
redraft|preset_12_1qb_ppr,Pdcc948fb,Roman Wilson,WR,25.3,0,374,,,275
redraft|preset_12_1qb_ppr,P8e3a7040,Ryan Fitzgerald,K,26.1,0,602,,,220
redraft|preset_12_1qb_ppr,P279c131b,Samaje Perine,RB,31,0,312,,,293
redraft|preset_12_1qb_ppr,P5e004aa6,Shedeur Sanders,QB,24.7,0,138,,,386
redraft|preset_12_1qb_ppr,P215c3a4d,Sione Vaki,RB,25.2,0,164,,,368
redraft|preset_12_1qb_ppr,P689dda8a,Spencer Ware,RB,34.9,0,162,,,370
redraft|preset_12_1qb_ppr,P6524e589,T.J. Vasher,WR,28.1,0,396,,,269
redraft|preset_12_1qb_ppr,DEF_TB,Tampa Bay Buccaneers,DEF,,0,654,,,205
redraft|preset_12_1qb_ppr,P61f2b2b2,Tank Bigsby,RB,25.1,0,339,,,282
redraft|preset_12_1qb_ppr,Pc49d06b6,Tank Dell,WR,26.9,0,260,,,310
redraft|preset_12_1qb_ppr,DEF_TEN,Tennessee Titans,DEF,,0,536,,,243
redraft|preset_12_1qb_ppr,P8c44fa76,Tez Johnson,WR,24.4,0,137,,,388
redraft|preset_12_1qb_ppr,P8eab8a0d,Thomas Ives,WR,30.3,0,212,,,333
redraft|preset_12_1qb_ppr,P61fbd3c4,Tory Horton,WR,23.8,0,180,,,353
redraft|preset_12_1qb_ppr,Pd5841e14,Tre Harris,WR,24.6,0,771,,,180
redraft|preset_12_1qb_ppr,P6bdbe104,Troy Franklin,WR,23.7,0,192,,,342
redraft|preset_12_1qb_ppr,P2cda81a7,Ty Johnson,RB,29,0,234,,,323
redraft|preset_12_1qb_ppr,P34edc885,Tyler Goodson,RB,25.9,0,184,,,350
redraft|preset_12_1qb_ppr,Pb9aed5d4,Tyquan Thornton,WR,26.2,0,336,,,283
redraft|preset_12_1qb_ppr,P768b12ac,Tyreek Hill,WR,32.6,0,291,,,302
redraft|preset_12_1qb_ppr,P0d579da3,Tyrone Tracy,RB,26.9,0,158,,,372
redraft|preset_12_1qb_ppr,DEF_WAS,Washington Commanders,DEF,,0,487,,,250
redraft|preset_12_1qb_ppr,P63901b97,Wil Lutz,K,32.2,0,611,,,216
redraft|preset_12_1qb_ppr,P2ffb1664,Xavier Hutchinson,WR,26.3,0,283,,,304
redraft|preset_12_1qb_ppr,P8b615e59,Xavier Legette,WR,25.7,0,195,,,339
redraft|preset_12_1qb_ppr,P89a9b720,Zane Gonzalez,K,31.4,0,217,,,329
redraft|preset_12_sf_ppr,P66d22a8d,A.J. Brown,WR,29.3,1803,2738,0.519,105,85
redraft|preset_12_sf_ppr,Pd3dbd292,Aaron Jones,RB,31.8,1660,2192,0.32,113,100
redraft|preset_12_sf_ppr,Pdec5ace5,Aaron Rodgers,QB,42.8,2327,3300,0.418,87,72
redraft|preset_12_sf_ppr,Pedc5545b,Adonai Mitchell,WR,24,492,1302,1.646,188,143
redraft|preset_12_sf_ppr,Peee16a37,AJ Barner,TE,24.4,33,872,25.424,304,180
redraft|preset_12_sf_ppr,P651e176c,Alec Pierce,WR,26.4,504,1233,1.446,186,150
redraft|preset_12_sf_ppr,P0c32190d,Alvin Kamara,RB,31.2,637,1015,0.593,161,166
redraft|preset_12_sf_ppr,Pdcb5f2b5,Amon-Ra St. Brown,WR,26.9,7440,7559,0.016,6,6
redraft|preset_12_sf_ppr,Pea82017f,Antonio Williams,WR,22.2,314,604,0.924,212,224
redraft|preset_12_sf_ppr,Pe845eeed,Ashton Jeanty,RB,22.8,5343,5569,0.042,25,30
redraft|preset_12_sf_ppr,P3774ad01,Baker Mayfield,QB,31.5,2759,3853,0.397,77,61
redraft|preset_12_sf_ppr,DEF_BAL,Baltimore Ravens,DEF,,72,565,6.847,275,232
redraft|preset_12_sf_ppr,Pbde6516b,Bam Knight,RB,25.5,79,176,1.228,271,380
redraft|preset_12_sf_ppr,P75899815,Barion Brown,WR,22.8,135,0,-1,244,
redraft|preset_12_sf_ppr,P78899cce,Bauer Sharp,TE,23.4,33,0,-1,305,
redraft|preset_12_sf_ppr,Pd6a5df9c,Ben VanSumeren,RB,26.4,3566,0,-1,61,
redraft|preset_12_sf_ppr,Pd3865985,Bhayshul Tuten,RB,23.6,2957,3204,0.084,71,73
redraft|preset_12_sf_ppr,P5af06916,Bijan Robinson,RB,24.7,8844,8645,-0.023,4,4
redraft|preset_12_sf_ppr,Pdbc94768,Blake Corum,RB,25.9,944,1724,0.826,136,121
redraft|preset_12_sf_ppr,Pd5c93df6,Bo Nix,QB,26.6,4039,5143,0.273,50,36
redraft|preset_12_sf_ppr,Pebe1657e,Braelon Allen,RB,22.7,346,952,1.751,206,169
redraft|preset_12_sf_ppr,P7d430e0d,Brandon Aubrey,K,31.6,96,843,7.781,262,186
redraft|preset_12_sf_ppr,P41b4291a,Breece Hall,RB,25.3,3574,3979,0.113,60,57
redraft|preset_12_sf_ppr,P3c36a8c1,Brenen Thompson,WR,23.2,314,0,-1,211,
redraft|preset_12_sf_ppr,Pd2928f64,Brenton Strange,TE,25.8,216,1168,4.407,225,159
redraft|preset_12_sf_ppr,P55ce35f3,Brian Robinson,RB,27.5,163,634,2.89,237,216
redraft|preset_12_sf_ppr,Peec555ee,Brian Thomas Jr.,WR,24,698,1435,1.056,154,132
redraft|preset_12_sf_ppr,P9763afd4,Brock Bowers,TE,23.8,5061,5617,0.11,31,29
redraft|preset_12_sf_ppr,P28375973,Brock Purdy,QB,26.8,6686,7397,0.106,11,8
redraft|preset_12_sf_ppr,P777ccf48,Bryce Lance,WR,24.1,147,327,1.224,240,302
redraft|preset_12_sf_ppr,P617b2fc0,Bryce Young,QB,25.2,4317,5150,0.193,44,35
redraft|preset_12_sf_ppr,P1c5c326e,Bucky Irving,RB,24.1,3785,3899,0.03,54,60
redraft|preset_12_sf_ppr,DEF_BUF,Buffalo Bills,DEF,,19,402,20.158,317,273
redraft|preset_12_sf_ppr,Pf482d2ee,C.J. Stroud,QB,25,2998,4427,0.477,69,48
redraft|preset_12_sf_ppr,Pe67fbc9c,Cade Klubnik,QB,23,599,564,-0.058,172,234
redraft|preset_12_sf_ppr,P3ab41e15,Cade Otton,TE,27.5,14,727,50.929,324,199
redraft|preset_12_sf_ppr,Peaae8d4d,Cairo Santos,K,34.9,23,523,21.739,312,241
redraft|preset_12_sf_ppr,P39436ffb,Caleb Douglas,WR,23.1,658,1021,0.552,158,165
redraft|preset_12_sf_ppr,P586ba594,Caleb Williams,QB,24.9,4692,5866,0.25,37,25
redraft|preset_12_sf_ppr,Pa579d759,Calvin Ridley,WR,31.8,25,359,13.36,311,287
redraft|preset_12_sf_ppr,Pcea552e1,Cam Little,K,23.1,56,655,10.696,284,213
redraft|preset_12_sf_ppr,Pd7865fd1,Cam Skattebo,RB,24.7,3601,3836,0.065,58,62
redraft|preset_12_sf_ppr,Pea0365a1,Cam Ward,QB,24.4,2467,3447,0.397,84,70
redraft|preset_12_sf_ppr,P18734ebc,Cameron Dicker,K,26.4,81,615,6.593,270,221
redraft|preset_12_sf_ppr,Pa40b1da4,Carnell Tate,WR,21.7,1546,2084,0.348,117,105
redraft|preset_12_sf_ppr,P4338f25d,Carson Beck,QB,24.9,1002,716,-0.285,135,200
redraft|preset_12_sf_ppr,P4a520e7b,Carson Wentz,QB,33.8,2048,1118,-0.454,98,163
redraft|preset_12_sf_ppr,P1f2f863d,Case Keenum,QB,38.6,2121,1189,-0.439,95,155
redraft|preset_12_sf_ppr,P9ea67c69,CeeDee Lamb,WR,27.5,6009,6297,0.048,16,16
redraft|preset_12_sf_ppr,P6010c4a0,Chase Brown,RB,26.5,5447,6139,0.127,23,21
redraft|preset_12_sf_ppr,P1427b1e6,Chase McLaughlin,K,30.5,19,481,24.316,318,253
redraft|preset_12_sf_ppr,Pb32fe57f,Chigoziem Okonkwo,TE,27.1,45,716,14.911,294,201
redraft|preset_12_sf_ppr,P3f43796d,Chris Bell,WR,22.3,267,729,1.73,218,197
redraft|preset_12_sf_ppr,Pbf25d6da,Chris Blair,WR,29,170,0,-1,236,
redraft|preset_12_sf_ppr,Pacb49f84,Chris Boswell,K,35.6,53,459,7.66,288,260
redraft|preset_12_sf_ppr,Pf92d7df6,Chris Godwin,WR,30.6,782,1621,1.073,148,126
redraft|preset_12_sf_ppr,P21759b7e,Chris Olave,WR,26.3,6020,6001,-0.003,15,23
redraft|preset_12_sf_ppr,P28fb0b5f,Chris Rodriguez,RB,26,128,613,3.789,250,222
redraft|preset_12_sf_ppr,Pccd988f6,Christian McCaffrey,RB,30.3,7118,7270,0.021,10,10
redraft|preset_12_sf_ppr,P3db422ce,Christian Watson,WR,27.4,4317,4556,0.055,45,44
redraft|preset_12_sf_ppr,Pcc77f3c4,Chuba Hubbard,RB,27.3,3495,3543,0.014,62,69
redraft|preset_12_sf_ppr,P630a53ae,CJ Donaldson,RB,22.2,336,185,-0.449,207,372
redraft|preset_12_sf_ppr,DEF_CLE,Cleveland Browns,DEF,,71,396,4.577,277,275
redraft|preset_12_sf_ppr,P757ccc22,Colbie Young,WR,24.2,134,0,-1,245,
redraft|preset_12_sf_ppr,Pe445e8a1,Colston Loveland,TE,22.5,1010,2108,1.087,134,104
redraft|preset_12_sf_ppr,Pfe320303,Cooper Kupp,WR,33.3,25,636,24.44,310,215
redraft|preset_12_sf_ppr,P7ef68d96,Courtland Sutton,WR,31,928,1778,0.916,139,116
redraft|preset_12_sf_ppr,Pfad92c83,Cyrus Allen,WR,23.6,306,307,0.003,214,308
redraft|preset_12_sf_ppr,Pa57c15f0,D.J. Moore,WR,29.5,2770,3572,0.29,76,68
redraft|preset_12_sf_ppr,P937141e7,D'Andre Swift,RB,27.7,4330,4312,-0.004,43,52
redraft|preset_12_sf_ppr,P0592af8e,Dak Prescott,QB,33.2,5182,6225,0.201,28,19
redraft|preset_12_sf_ppr,P8bf8e0a4,Dallas Goedert,TE,31.7,579,1593,1.751,175,127
redraft|preset_12_sf_ppr,Pd0928c3e,Dalton Kincaid,TE,27,1724,2602,0.509,109,89
redraft|preset_12_sf_ppr,Pfdd9406f,Dalton Schultz,TE,30.2,504,1320,1.619,187,141
redraft|preset_12_sf_ppr,Pbf6954e6,Daniel Jones,QB,29.4,2677,3922,0.465,80,58
redraft|preset_12_sf_ppr,Pb2655091,Darren Waller,TE,34.1,95,919,8.674,263,172
redraft|preset_12_sf_ppr,Pd55a2534,Davante Adams,WR,33.8,4247,4189,-0.014,47,54
redraft|preset_12_sf_ppr,Pd3e89c73,David Montgomery,RB,29.3,2734,3156,0.154,78,75
redraft|preset_12_sf_ppr,Pa0b4d67c,David Moore,WR,31.7,597,0,-1,173,
redraft|preset_12_sf_ppr,P78fa7c06,De'Von Achane,RB,25,1147,1222,0.065,131,151
redraft|preset_12_sf_ppr,Pe570b07f,De'Zhaun Stribling,WR,23.8,173,560,2.237,235,235
redraft|preset_12_sf_ppr,Pc8696311,Deebo Samuel,WR,30.7,1205,1993,0.654,128,108
redraft|preset_12_sf_ppr,P06aa8ad1,Deion Burks,WR,23.7,377,0,-1,201,
redraft|preset_12_sf_ppr,Pf6a3b5dc,Demond Claiborne,RB,23,372,183,-0.508,202,376
redraft|preset_12_sf_ppr,DEF_DEN,Denver Broncos,DEF,,150,727,3.847,239,198
redraft|preset_12_sf_ppr,Pe770b3a5,Denzel Boston,WR,22.8,1162,1752,0.508,130,117
redraft|preset_12_sf_ppr,P8156ec66,Derrick Henry,RB,32.7,6483,6187,-0.046,13,20
redraft|preset_12_sf_ppr,P2699d2f1,Deshaun Watson,QB,31.1,2632,2853,0.084,81,81
redraft|preset_12_sf_ppr,DEF_DET,Detroit Lions,DEF,,56,429,6.661,283,265
redraft|preset_12_sf_ppr,P55a01738,Devaughn Vele,WR,28.8,422,1113,1.637,195,164
redraft|preset_12_sf_ppr,P2995b1e5,Devin Singletary,RB,29.1,40,220,4.5,299,350
redraft|preset_12_sf_ppr,Pd5b3a919,DeVonta Smith,WR,27.9,3645,4333,0.189,57,51
redraft|preset_12_sf_ppr,P9a0b0de6,DJ Herman,RB,24.5,734,0,-1,151,
redraft|preset_12_sf_ppr,Pceca7f80,DK Metcalf,WR,28.8,1219,1921,0.576,126,110
redraft|preset_12_sf_ppr,Pd3751064,Dohnte Meyers,WR,26.2,238,0,-1,222,
redraft|preset_12_sf_ppr,P89cc1232,Dontayvion Wicks,WR,25.3,528,1307,1.475,183,142
redraft|preset_12_sf_ppr,P22759d11,Drake London,WR,25.2,4720,5155,0.092,35,34
redraft|preset_12_sf_ppr,Pf4e37474,Drake Maye,QB,24.1,5084,6230,0.225,29,18
redraft|preset_12_sf_ppr,P416c6023,Drew Lock,QB,29.9,6443,0,-1,14,
redraft|preset_12_sf_ppr,P51a2cfa6,E.J. Jenkins,TE,27.9,133,0,-1,247,
redraft|preset_12_sf_ppr,Pab7e047e,Eddy Pineiro,K,31.1,20,603,29.15,314,225
redraft|preset_12_sf_ppr,P17fcc9b6,Eli Heidenreich,RB,23.3,398,0,-1,197,
redraft|preset_12_sf_ppr,Pe2255f18,Eli Raridon,TE,22.6,54,191,2.537,285,363
redraft|preset_12_sf_ppr,Pe83922fa,Elic Ayomanor,WR,23.3,7,417,58.571,329,267
redraft|preset_12_sf_ppr,Pc917988a,Emanuel Wilson,RB,27.4,28,397,13.179,309,274
redraft|preset_12_sf_ppr,Pdd45dd9c,Emeka Egbuka,WR,24,1887,2713,0.438,103,88
redraft|preset_12_sf_ppr,Peb75371f,Emmett Johnson,RB,23,608,872,0.434,169,179
redraft|preset_12_sf_ppr,P61d992af,Erick All,TE,26.1,185,0,-1,232,
redraft|preset_12_sf_ppr,P53793614,Evan McPherson,K,27.2,46,566,11.304,292,230
redraft|preset_12_sf_ppr,P4038eda4,Fernando Mendoza,QB,23,1755,2266,0.291,106,97
redraft|preset_12_sf_ppr,Pc6987a56,Frank Gore Jr.,RB,24.6,3856,0,-1,53,
redraft|preset_12_sf_ppr,P5bce3f65,Garrett Wilson,WR,26.2,4389,4480,0.021,41,46
redraft|preset_12_sf_ppr,Pfd0453b1,Geno Smith,QB,36,2933,4053,0.382,73,55
redraft|preset_12_sf_ppr,Pd4d9958e,George Kittle,TE,33,2254,2811,0.247,90,83
redraft|preset_12_sf_ppr,P1b825dff,George Pickens,WR,25.6,3890,4526,0.163,52,45
redraft|preset_12_sf_ppr,P24ff1cc4,Germie Bernard,WR,22.8,124,347,1.798,252,293
redraft|preset_12_sf_ppr,P650055ab,Harold Fannin,TE,22.2,943,2016,1.138,137,107
redraft|preset_12_sf_ppr,Pb8357090,Harrison Butker,K,31.2,43,552,11.837,297,237
redraft|preset_12_sf_ppr,Pd3bb210f,Harrison Mevis,K,24.5,65,607,8.338,280,223
redraft|preset_12_sf_ppr,Pceb8da99,Hayden Rucci,TE,25.7,126,0,-1,251,
redraft|preset_12_sf_ppr,DEF_HOU,Houston Texans,DEF,,151,862,4.709,238,181
redraft|preset_12_sf_ppr,Pf4700289,Hunter Henry,TE,31.8,270,1205,3.463,216,153
redraft|preset_12_sf_ppr,P34376c57,Isaiah Likely,TE,26.5,608,1714,1.819,168,122
redraft|preset_12_sf_ppr,P73503591,J Michael Sturdivant,WR,24.1,327,0,-1,209,
redraft|preset_12_sf_ppr,Pe3733c2a,J.J. McCarthy,QB,23.7,1669,1874,0.123,112,112
redraft|preset_12_sf_ppr,Pfcd6ea37,J.K. Dobbins,RB,27.8,1010,1671,0.654,133,125
redraft|preset_12_sf_ppr,P16ca4e0d,Ja'Kobi Lane,WR,22.2,133,575,3.323,248,228
redraft|preset_12_sf_ppr,P6db0c6ca,Ja'Marr Chase,WR,26.6,7397,7550,0.021,7,7
redraft|preset_12_sf_ppr,P0cb99ecd,Jack Strand,QB,22.3,5693,0,-1,20,
redraft|preset_12_sf_ppr,P8723511e,Jackson Meeks,WR,23.5,2198,0,-1,92,
redraft|preset_12_sf_ppr,DEF_JAX,Jacksonville Jaguars,DEF,,46,536,10.652,291,240
redraft|preset_12_sf_ppr,P205c38ba,Jacob Cowing,WR,25.7,145,0,-1,242,
redraft|preset_12_sf_ppr,Pf015a505,Jacoby Brissett,QB,33.8,3110,4007,0.288,67,56
redraft|preset_12_sf_ppr,P8733a976,Jacory Croskey-Merritt,RB,25.5,1185,1844,0.556,129,114
redraft|preset_12_sf_ppr,Pb2405cdf,Jadarian Price,RB,23,1678,2123,0.265,111,103
redraft|preset_12_sf_ppr,P6e8a4ec1,Jahmyr Gibbs,RB,24.5,10884,10711,-0.016,1,1
redraft|preset_12_sf_ppr,Peb80862c,Jake Bates,K,27.6,65,573,7.815,281,229
redraft|preset_12_sf_ppr,Pec95bf15,Jake Briningstool,TE,23.8,47,0,-1,290,
redraft|preset_12_sf_ppr,Pab4feb64,Jake Ferguson,TE,27.7,378,1281,2.389,200,146
redraft|preset_12_sf_ppr,P4de4ed2a,Jakobi Meyers,WR,29.9,924,1742,0.885,140,119
redraft|preset_12_sf_ppr,Pdabb2c14,Jalen Coker,WR,24.9,2259,2825,0.251,89,82
redraft|preset_12_sf_ppr,P219a7eaf,Jalen Hurts,QB,28.2,5203,6385,0.227,27,15
redraft|preset_12_sf_ppr,Pf0e36e28,Jalen McMillan,WR,24.8,35,442,11.629,303,264
redraft|preset_12_sf_ppr,P958e5700,Jalen Nailor,WR,27.6,29,663,21.862,307,210
redraft|preset_12_sf_ppr,P57fbc406,Jalen Royals,WR,23.6,261,0,-1,219,
redraft|preset_12_sf_ppr,Pc2ae54ff,Jalon Daniels,QB,23.9,1593,919,-0.423,115,173
redraft|preset_12_sf_ppr,P66171db0,Jameis Winston,QB,32.7,2376,2357,-0.008,86,95
redraft|preset_12_sf_ppr,P208265de,James Cook,RB,27,5836,6031,0.033,18,22
redraft|preset_12_sf_ppr,P18825946,Jameson Williams,WR,25.5,1701,2385,0.402,110,93
redraft|preset_12_sf_ppr,P631898a5,Jared Goff,QB,32,5045,5923,0.174,33,24
redraft|preset_12_sf_ppr,Pba244ce0,Jared Wayne,WR,26,324,233,-0.281,210,343
redraft|preset_12_sf_ppr,P81804cc5,Jason Myers,K,35.4,87,692,6.954,266,203
redraft|preset_12_sf_ppr,P13768895,Jauan Jennings,WR,29.2,74,629,7.5,274,217
redraft|preset_12_sf_ppr,P689f75ca,Javonte Williams,RB,26.4,4586,4794,0.045,38,42
redraft|preset_12_sf_ppr,P5bf06aa9,Jaxon Smith-Njigba,WR,24.6,8894,8769,-0.014,3,3
redraft|preset_12_sf_ppr,Pd6e0b576,Jaxson Dart,QB,23.4,895,974,0.088,145,168
redraft|preset_12_sf_ppr,P506b98fc,Jayden Daniels,QB,25.8,3759,4953,0.318,56,39
redraft|preset_12_sf_ppr,Pe97e446f,Jayden Reed,WR,26.4,308,997,2.237,213,167
redraft|preset_12_sf_ppr,P55e5175f,Jaylen Waddle,WR,27.9,2502,3327,0.33,83,71
redraft|preset_12_sf_ppr,P1c735508,Jaylen Warren,RB,27.9,2862,2942,0.028,75,79
redraft|preset_12_sf_ppr,P65de1629,Jaylen Wright,RB,23.5,405,887,1.19,196,176
redraft|preset_12_sf_ppr,P5842cda6,Jaylin Noel,WR,24.1,15,449,28.933,323,263
redraft|preset_12_sf_ppr,P52cbf2a3,Jelani Woods,TE,28,200,0,-1,229,
redraft|preset_12_sf_ppr,Pe772f23c,Jeremiyah Love,RB,21.3,4511,4368,-0.032,40,50
redraft|preset_12_sf_ppr,Pbb16c604,Jerry Jeudy,WR,27.4,43,518,11.047,298,244
redraft|preset_12_sf_ppr,P3020788f,Joe Burrow,QB,29.8,5420,6724,0.241,24,13
redraft|preset_12_sf_ppr,Pdecfd86c,Joe Flacco,QB,41.7,715,584,-0.183,152,226
redraft|preset_12_sf_ppr,P19fcccdc,Jonah Coleman,RB,23.1,448,854,0.906,191,183
redraft|preset_12_sf_ppr,P897dfe1c,Jonathan Taylor,RB,27.7,7472,7328,-0.019,5,9
redraft|preset_12_sf_ppr,P8d61617f,Jonathon Brooks,RB,23.2,369,701,0.9,203,202
redraft|preset_12_sf_ppr,Pd7a1a1cd,Jordan Addison,WR,24.7,910,1727,0.898,144,120
redraft|preset_12_sf_ppr,Pe3391b1b,Jordan James,RB,22.5,549,189,-0.656,180,366
redraft|preset_12_sf_ppr,P9873885d,Jordan Love,QB,27.9,4052,5299,0.308,49,33
redraft|preset_12_sf_ppr,P7c5364d2,Jordan Mason,RB,27.4,620,1289,1.079,167,145
redraft|preset_12_sf_ppr,Pe6391fd4,Jordan Watkins,WR,24.6,784,0,-1,147,
redraft|preset_12_sf_ppr,Ped72fbae,Jordyn Tyson,WR,22.1,636,1322,1.079,162,140
redraft|preset_12_sf_ppr,P3574a9db,Josh Allen,QB,30.4,8999,9712,0.079,2,2
redraft|preset_12_sf_ppr,Pf2a3af90,Josh Cameron,WR,23.5,300,340,0.133,215,296
redraft|preset_12_sf_ppr,P0fd70efb,Josh Cuevas,TE,23,199,0,-1,230,
redraft|preset_12_sf_ppr,Pd4a19d14,Josh Downs,WR,25.1,1618,2381,0.472,114,94
redraft|preset_12_sf_ppr,P456c666f,Josh Jacobs,RB,28.6,1206,1749,0.45,127,118
redraft|preset_12_sf_ppr,P36e7078c,Justice Hill,RB,28.9,31,477,14.387,306,256
redraft|preset_12_sf_ppr,P6abb4f6d,Justin Fields,QB,27.6,481,576,0.198,190,227
redraft|preset_12_sf_ppr,Pa9a68dba,Justin Herbert,QB,28.6,3768,5035,0.336,55,37
redraft|preset_12_sf_ppr,Pa2b34ea8,Justin Jefferson,WR,27.3,5008,5825,0.163,34,26
redraft|preset_12_sf_ppr,P5d585ad9,Juwan Johnson,TE,30.1,910,1865,1.049,143,113
redraft|preset_12_sf_ppr,P7f61769c,Ka'imi Fairbairn,K,32.7,75,736,8.813,273,194
redraft|preset_12_sf_ppr,P0f2376b5,Kaden Davis,WR,28,1990,0,-1,99,
redraft|preset_12_sf_ppr,Pe27fb650,Kaelon Black,RB,25,591,915,0.548,174,175
redraft|preset_12_sf_ppr,Pe036d7cb,Kaleb Johnson,RB,23.1,4,390,96.5,331,276
redraft|preset_12_sf_ppr,P451d903f,Kalif Raymond,WR,32.2,625,1337,1.139,165,138
redraft|preset_12_sf_ppr,Pb5fe27ed,Kayshon Boutte,WR,24.4,116,670,4.776,253,207
redraft|preset_12_sf_ppr,P768999a8,Kaytron Allen,RB,23.7,360,273,-0.242,205,318
redraft|preset_12_sf_ppr,P3d346bbd,KC Concepcion,WR,22,767,1507,0.965,149,130
redraft|preset_12_sf_ppr,Pcd857dc6,Keaton Mitchell,RB,24.7,245,666,1.718,221,209
redraft|preset_12_sf_ppr,P847e4019,Keenan Allen,WR,34.4,515,1146,1.225,184,162
redraft|preset_12_sf_ppr,P5df2ac66,Kendre Miller,RB,24.3,49,340,5.939,289,295
redraft|preset_12_sf_ppr,Pbc3576dc,Kendrick Bourne,WR,31.2,19,449,22.632,321,262
redraft|preset_12_sf_ppr,Pdab3b0f8,Kenneth Gainwell,RB,27.6,657,1180,0.796,159,157
redraft|preset_12_sf_ppr,P2bb6450f,Kenneth Walker III,RB,26,7360,7233,-0.017,8,11
redraft|preset_12_sf_ppr,Pe270abc6,Kenyon Sadiq,TE,21.6,443,1196,1.7,192,154
redraft|preset_12_sf_ppr,P556ddf72,Keon Coleman,WR,23.4,17,565,32.235,322,231
redraft|preset_12_sf_ppr,P33436689,Kevin Coleman,WR,23.1,211,258,0.223,226,332
redraft|preset_12_sf_ppr,Pad7d33a7,Khalil Shakir,WR,26.7,600,1402,1.337,171,135
redraft|preset_12_sf_ppr,P8c5493f9,Kimani Vidal,RB,25.1,44,349,6.932,296,292
redraft|preset_12_sf_ppr,Pc049d3ab,Kirk Cousins,QB,38.1,2463,3183,0.292,85,74
redraft|preset_12_sf_ppr,P9a0cf837,Ko Kieft,TE,28.7,138,0,-1,243,
redraft|preset_12_sf_ppr,P8d44fc09,Kyle Monangai,RB,24.3,914,1517,0.66,142,129
redraft|preset_12_sf_ppr,Pdfb83605,Kyle Pitts,TE,26,368,1294,2.516,204,144
redraft|preset_12_sf_ppr,Paf8e3612,Kyler Murray,QB,29.2,3575,4856,0.358,59,40
redraft|preset_12_sf_ppr,P222606e0,Kyren Williams,RB,26.1,3984,4203,0.055,51,53
redraft|preset_12_sf_ppr,P4d6b9443,Ladd McConkey,WR,24.9,2246,3080,0.371,91,76
redraft|preset_12_sf_ppr,Pc79006d9,Lamar Jackson,QB,29.7,6537,7834,0.198,12,5
redraft|preset_12_sf_ppr,P2ab47db7,Lan Larison,RB,25,4339,0,-1,42,
redraft|preset_12_sf_ppr,P56918e64,Lew Nichols,RB,25.1,2995,0,-1,70,
redraft|preset_12_sf_ppr,P2b03a364,Lewis Bond,WR,23.3,2172,0,-1,93,
redraft|preset_12_sf_ppr,DEF_LAC,Los Angeles Chargers,DEF,,44,369,7.386,295,284
redraft|preset_12_sf_ppr,DEF_LAR,Los Angeles Rams,DEF,,134,798,4.955,246,190
redraft|preset_12_sf_ppr,Pd381dc57,Luther Burden,WR,22.8,2104,2896,0.376,96,80
redraft|preset_12_sf_ppr,Pddb832df,Mac Jones,QB,28.1,1094,689,-0.37,132,204
redraft|preset_12_sf_ppr,P98947639,Mack Hollins,WR,33,90,507,4.633,264,248
redraft|preset_12_sf_ppr,P0fc80471,Makai Lemon,WR,22.3,510,1151,1.257,185,161
redraft|preset_12_sf_ppr,Pec8204a5,Malachi Fields,WR,23.1,249,674,1.707,220,206
redraft|preset_12_sf_ppr,Pfed932cf,Malik Benson,WR,24,98,156,0.592,261,396
redraft|preset_12_sf_ppr,P50b5f04e,Malik McClain,WR,24,537,0,-1,181,
redraft|preset_12_sf_ppr,P8e63a1a9,Malik Nabers,WR,23.2,2956,3677,0.244,72,66
redraft|preset_12_sf_ppr,Pe7c30c52,Malik Washington,WR,25.7,660,1330,1.015,157,139
redraft|preset_12_sf_ppr,P39b41c82,Malik Willis,QB,27.4,3051,4390,0.439,68,49
redraft|preset_12_sf_ppr,Pc8ad662d,Marcus Mariota,QB,32.9,1583,2127,0.344,116,102
redraft|preset_12_sf_ppr,P4299c2d6,Mark Andrews,TE,31.1,443,1459,2.293,193,131
redraft|preset_12_sf_ppr,P26015cee,Marlin Klein,TE,24,103,0,-1,257,
redraft|preset_12_sf_ppr,P58cfd5ec,Marquise Brown,WR,29.3,13,0,-1,325,
redraft|preset_12_sf_ppr,P5cd98ad0,MarShawn Lloyd,RB,25.7,638,797,0.249,160,191
redraft|preset_12_sf_ppr,P68e05979,Marvin Harrison Jr.,WR,24.1,578,1213,1.099,176,152
redraft|preset_12_sf_ppr,P69005bf7,Matthew Golden,WR,23.2,1905,2527,0.327,102,90
redraft|preset_12_sf_ppr,P0dca3fe2,Matthew Hibner,TE,24.6,78,0,-1,272,
redraft|preset_12_sf_ppr,P9e7cde13,Matthew Stafford,QB,38.7,4711,5693,0.208,36,28
redraft|preset_12_sf_ppr,P618bb730,Max Bredeson,TE,24,196,0,-1,231,
redraft|preset_12_sf_ppr,P78288327,Michael Burton,RB,34.7,672,0,-1,156,
redraft|preset_12_sf_ppr,P4f6b9769,Michael Penix Jr.,QB,26.4,2700,3734,0.383,79,63
redraft|preset_12_sf_ppr,P18769074,Michael Pittman,WR,29,602,1346,1.236,170,137
redraft|preset_12_sf_ppr,P65f2b8fe,Michael Wilson,WR,26.6,2592,2801,0.081,82,84
redraft|preset_12_sf_ppr,P819195e6,Mike Evans,WR,33.1,2309,3008,0.303,88,78
redraft|preset_12_sf_ppr,Pb37c2bfa,Mike Gesicki,TE,31,5,618,122.6,330,220
redraft|preset_12_sf_ppr,P0eca4175,Mike Washington Jr.,RB,23.3,560,805,0.438,177,189
redraft|preset_12_sf_ppr,DEF_MIN,Minnesota Vikings,DEF,,83,762,8.181,269,193
redraft|preset_12_sf_ppr,Pda6f7d3d,Najee Harris,RB,28.6,388,501,0.291,198,250
redraft|preset_12_sf_ppr,Pb13e1cb5,Nate Boerkircher,TE,25.1,20,0,-1,315,
redraft|preset_12_sf_ppr,DEF_NE,New England Patriots,DEF,,83,553,5.663,268,236
redraft|preset_12_sf_ppr,P0ed70d68,Nicholas Singleton,RB,22.7,557,238,-0.573,179,340
redraft|preset_12_sf_ppr,P980cf511,Nick Muse,TE,27.9,146,0,-1,241,
redraft|preset_12_sf_ppr,Pcd77f557,Nico Collins,WR,27.5,4544,5012,0.103,39,38
redraft|preset_12_sf_ppr,Pdc2a058c,Ollie Gordon,RB,22.7,629,1163,0.849,163,160
redraft|preset_12_sf_ppr,Pb3405e72,Omar Cooper Jr.,WR,22.8,53,518,8.774,287,245
redraft|preset_12_sf_ppr,P68005a64,Omarion Hampton,RB,23.6,3195,3688,0.154,66,64
redraft|preset_12_sf_ppr,P612d1582,Oronde Gadsden,TE,23.3,88,773,7.784,265,192
redraft|preset_12_sf_ppr,Pe981ffec,Oscar Delp,TE,23.2,112,0,-1,255,
redraft|preset_12_sf_ppr,Pa7fe11e3,Parker Washington,WR,24.5,4287,4721,0.101,46,43
redraft|preset_12_sf_ppr,P6442e08a,Pat Bryant,WR,23.8,180,857,3.761,233,182
redraft|preset_12_sf_ppr,P92ac03e2,Patrick Mahomes,QB,31,5758,6286,0.092,19,17
redraft|preset_12_sf_ppr,DEF_PHI,Philadelphia Eagles,DEF,,103,668,5.485,256,208
redraft|preset_12_sf_ppr,DEF_PIT,Pittsburgh Steelers,DEF,,71,552,6.775,276,238
redraft|preset_12_sf_ppr,P0df794fe,Puka Nacua,WR,25.3,7147,7215,0.01,9,12
redraft|preset_12_sf_ppr,P5cf06c3c,Quentin Johnston,WR,25.1,703,1417,1.016,153,133
redraft|preset_12_sf_ppr,Pd47511f7,Quinshon Judkins,RB,22.9,2150,2730,0.27,94,87
redraft|preset_12_sf_ppr,P1c849e29,Rachaad White,RB,27.7,687,1266,0.843,155,147
redraft|preset_12_sf_ppr,P0bf55341,Rashee Rice,WR,26.4,3260,3685,0.13,64,65
redraft|preset_12_sf_ppr,P78626910,Rashid Shaheed,WR,28.1,228,829,2.636,223,187
redraft|preset_12_sf_ppr,Pc977ef0b,Rashod Bateman,WR,26.8,205,816,2.98,227,188
redraft|preset_12_sf_ppr,P64de1496,Ray Davis,RB,26.9,28,377,12.464,308,282
redraft|preset_12_sf_ppr,Pd87e84a1,Rhamondre Stevenson,RB,28.6,1960,2490,0.27,100,91
redraft|preset_12_sf_ppr,P77c8a14e,Rico Dowdle,RB,28.3,921,1531,0.662,141,128
redraft|preset_12_sf_ppr,Pdf255a5f,Riley Nowakowski,TE,24.3,84,0,-1,267,
redraft|preset_12_sf_ppr,Pce81d478,RJ Harvey,RB,25.7,1318,1904,0.445,121,111
redraft|preset_12_sf_ppr,Pffc3e96d,Robert Tonyan,TE,32.4,102,0,-1,258,
redraft|preset_12_sf_ppr,Pdcc948fb,Roman Wilson,WR,25.3,19,466,23.526,320,259
redraft|preset_12_sf_ppr,P596ba727,Rome Odunze,WR,24.3,1290,2034,0.577,123,106
redraft|preset_12_sf_ppr,Pba322f1b,Romeo Doubs,WR,26.5,559,1357,1.428,178,136
redraft|preset_12_sf_ppr,Pcba78cbf,Ryan Flournoy,WR,26.9,267,936,2.506,217,170
redraft|preset_12_sf_ppr,P2b725b86,Sam Darnold,QB,29.3,3208,4446,0.386,65,47
redraft|preset_12_sf_ppr,P09f5501b,Sam LaPorta,TE,25.7,1272,2209,0.737,124,99
redraft|preset_12_sf_ppr,P34369c29,Sam Roush,TE,23.1,59,0,-1,282,
redraft|preset_12_sf_ppr,P279c131b,Samaje Perine,RB,31,23,470,19.435,313,257
redraft|preset_12_sf_ppr,Pa477972f,Saquon Barkley,RB,29.6,4059,4808,0.185,48,41
redraft|preset_12_sf_ppr,DEF_SEA,Seattle Seahawks,DEF,,202,886,3.386,228,177
redraft|preset_12_sf_ppr,Pfba83ae9,Seth McGowan,RB,24.9,178,267,0.5,234,326
redraft|preset_12_sf_ppr,P5e004aa6,Shedeur Sanders,QB,24.7,1233,1697,0.376,125,123
redraft|preset_12_sf_ppr,P712ab6b9,Stefon Diggs,WR,32.8,1738,2183,0.256,108,101
redraft|preset_12_sf_ppr,P78881fe8,Stetson Bennett,QB,28.9,5483,0,-1,22,
redraft|preset_12_sf_ppr,Pb08e37a5,T.J. Hockenson,TE,29.3,69,922,12.362,278,171
redraft|preset_12_sf_ppr,P61f2b2b2,Tank Bigsby,RB,25.1,114,514,3.509,254,247
redraft|preset_12_sf_ppr,Pc49d06b6,Tank Dell,WR,26.9,7,290,40.429,328,315
redraft|preset_12_sf_ppr,Pf2820e17,Ted Hurst,WR,22.3,327,683,1.089,208,205
redraft|preset_12_sf_ppr,Pb4147c68,Tee Higgins,WR,27.7,3444,3900,0.132,63,59
redraft|preset_12_sf_ppr,Pd581df7d,Terrance Ferguson,TE,23.6,66,851,11.894,279,185
redraft|preset_12_sf_ppr,P5bcd9c0e,Terry McLaurin,WR,31,1947,2734,0.404,101,86
redraft|preset_12_sf_ppr,Pe245e57b,Tetairoa McMillan,WR,23.5,2878,3646,0.267,74,67
redraft|preset_12_sf_ppr,P4b8033f2,Tommy DeVito,QB,28.2,5483,0,-1,21,
redraft|preset_12_sf_ppr,P3097fb81,Tony Pollard,RB,29.4,1353,1988,0.469,119,109
redraft|preset_12_sf_ppr,P61fbd3c4,Tory Horton,WR,23.8,19,219,10.526,316,351
redraft|preset_12_sf_ppr,Pdcb8314c,Travis Etienne,RB,27.7,1742,2245,0.289,107,98
redraft|preset_12_sf_ppr,Pd28657f2,Travis Hunter,WR,23.4,40,300,6.5,300,310
redraft|preset_12_sf_ppr,P6a097c76,Travis Kelce,TE,37,1476,2290,0.551,118,96
redraft|preset_12_sf_ppr,Pd5841e14,Tre Harris,WR,24.6,224,919,3.103,224,174
redraft|preset_12_sf_ppr,Pe3f5bdef,Tre Tucker,WR,25.6,533,1258,1.36,182,148
redraft|preset_12_sf_ppr,Pd281dac4,TreVeyon Henderson,RB,23.9,1857,2459,0.324,104,92
redraft|preset_12_sf_ppr,Pdeb83472,Trevor Lawrence,QB,27,5947,6692,0.125,17,14
redraft|preset_12_sf_ppr,P57ce3919,Trey McBride,TE,26.9,5062,5358,0.058,30,32
redraft|preset_12_sf_ppr,Pb6398cc0,Treyton Welch,TE,25.7,490,0,-1,189,
redraft|preset_12_sf_ppr,P6bdbe104,Troy Franklin,WR,23.7,8,253,30.625,327,334
redraft|preset_12_sf_ppr,P908047b8,Tua Tagovailoa,QB,28.6,1321,1185,-0.103,120,156
redraft|preset_12_sf_ppr,Pd5a19ea7,Tucker Kraft,TE,25.9,869,1842,1.12,146,115
redraft|preset_12_sf_ppr,P2cda81a7,Ty Johnson,RB,29,38,354,8.316,302,289
redraft|preset_12_sf_ppr,P78edb013,Tyjae Spears,RB,25.3,379,879,1.319,199,178
redraft|preset_12_sf_ppr,Paf7d36cd,Tyler Allgeier,RB,26.5,440,853,0.939,194,184
redraft|preset_12_sf_ppr,Pf715b00a,Tyler Higbee,TE,33.8,12,156,12,326,397
redraft|preset_12_sf_ppr,P69b0c759,Tyler Loop,K,25.2,19,564,28.684,319,233
redraft|preset_12_sf_ppr,Pd9932eea,Tyler Shough,QB,27,5057,5799,0.147,32,27
redraft|preset_12_sf_ppr,Pde45df2f,Tyler Warren,TE,24.4,2053,3025,0.473,97,77
redraft|preset_12_sf_ppr,P768b12ac,Tyreek Hill,WR,32.6,99,331,2.343,259,298
redraft|preset_12_sf_ppr,P0d579da3,Tyrone Tracy,RB,26.9,53,267,4.038,286,325
redraft|preset_12_sf_ppr,P4b8f3e7c,Tyson Bagent,QB,26.3,1314,663,-0.495,122,211
redraft|preset_12_sf_ppr,Pbcb11924,Wan'Dale Robinson,WR,25.7,933,1693,0.815,138,124
redraft|preset_12_sf_ppr,Pc9a54b02,Will Reichard,K,25.7,45,549,11.2,293,239
redraft|preset_12_sf_ppr,Pabb9c5f8,Woody Marks,RB,25.8,622,1172,0.884,166,158
redraft|preset_12_sf_ppr,P2ffb1664,Xavier Hutchinson,WR,26.3,39,378,8.692,301,281
redraft|preset_12_sf_ppr,Pf1c55aa7,Xavier Worthy,WR,23.4,627,1404,1.239,164,134
redraft|preset_12_sf_ppr,Pf682d614,Zach Charbonnet,RB,25.7,763,1256,0.646,150,149
redraft|preset_12_sf_ppr,P3a0b0bda,Zach Ertz,TE,35.9,0,0,,332,
redraft|preset_12_sf_ppr,Pe681fb33,Zachariah Branch,WR,22.5,99,272,1.747,260,319
redraft|preset_12_sf_ppr,Pe57fbb09,Zavion Thomas,WR,22.6,132,0,-1,249,
redraft|preset_12_sf_ppr,P08f54e88,Zay Flowers,WR,26.1,5311,5494,0.034,26,31
redraft|preset_12_sf_ppr,P977386ca,AJ Dillon,RB,28.4,0,217,,,353
redraft|preset_12_sf_ppr,Pb73f6c7a,Ameer Abdullah,RB,33.3,0,219,,,352
redraft|preset_12_sf_ppr,P30fb17f7,Andrei Iosivas,WR,27,0,213,,,355
redraft|preset_12_sf_ppr,P1d3d8ff4,Andres Borregales,K,24.7,0,420,,,266
redraft|preset_12_sf_ppr,P2e189f56,Andy Dalton,QB,38.9,0,629,,,219
redraft|preset_12_sf_ppr,Pf782d7a7,Anthony Richardson,QB,24.4,0,469,,,258
redraft|preset_12_sf_ppr,DEF_ARI,Arizona Cardinals,DEF,,0,203,,,357
redraft|preset_12_sf_ppr,DEF_ATL,Atlanta Falcons,DEF,,0,304,,,309
redraft|preset_12_sf_ppr,P1a59f0b1,Audric Estime,RB,23.1,0,166,,,387
redraft|preset_12_sf_ppr,P052742e0,Austin Ekeler,RB,31.4,0,174,,,382
redraft|preset_12_sf_ppr,Pc8c23bb3,Austin Hooper,TE,31.9,0,152,,,399
redraft|preset_12_sf_ppr,P1ed3eda4,Binjimen Victor,WR,29.7,0,175,,,381
redraft|preset_12_sf_ppr,Pc28bba6f,Blake Grupe,K,27.9,0,170,,,384
redraft|preset_12_sf_ppr,Pac97716e,Blake Haubeil,K,,0,224,,,345
redraft|preset_12_sf_ppr,P7fa7de1b,Brandon Bolden,RB,36.7,0,180,,,377
redraft|preset_12_sf_ppr,DEF_CAR,Carolina Panthers,DEF,,0,266,,,327
redraft|preset_12_sf_ppr,Pdff5b7a3,Chad Ryland,K,27,0,317,,,307
redraft|preset_12_sf_ppr,Paa4fe9d1,Charlie Kolar,TE,27.6,0,257,,,333
redraft|preset_12_sf_ppr,DEF_CHI,Chicago Bears,DEF,,0,292,,,313
redraft|preset_12_sf_ppr,P4389486c,Chimere Dike,WR,24.8,0,195,,,361
redraft|preset_12_sf_ppr,P38e9db6e,Chris Brooks,RB,26.7,0,268,,,323
redraft|preset_12_sf_ppr,Pd2c24b71,Chris Moore,WR,33.3,0,185,,,375
redraft|preset_12_sf_ppr,DEF_CIN,Cincinnati Bengals,DEF,,0,353,,,290
redraft|preset_12_sf_ppr,Pa6e84b74,Cody White,WR,27.8,0,265,,,329
redraft|preset_12_sf_ppr,P0478af8f,Colby Parkinson,TE,27.7,0,270,,,322
redraft|preset_12_sf_ppr,P826ca9f6,Cole Kmet,TE,27.6,0,157,,,394
redraft|preset_12_sf_ppr,DEF_DAL,Dallas Cowboys,DEF,,0,329,,,301
redraft|preset_12_sf_ppr,Pa57bbc75,Daniel Carlson,K,31.7,0,459,,,261
redraft|preset_12_sf_ppr,P2eda84cd,Darius Slayton,WR,29.7,0,234,,,341
redraft|preset_12_sf_ppr,P21ae0667,Darnell Mooney,WR,28.9,0,363,,,285
redraft|preset_12_sf_ppr,P66f2ba91,Darnell Washington,TE,25.1,0,186,,,371
redraft|preset_12_sf_ppr,P9cae5237,David Njoku,TE,30.2,0,294,,,312
redraft|preset_12_sf_ppr,Pdfe8af57,Dawson Knox,TE,29.9,0,162,,,389
redraft|preset_12_sf_ppr,P0e5a08f4,Demarcus Robinson,WR,32,0,502,,,249
redraft|preset_12_sf_ppr,Pb902a9d4,Demario Douglas,WR,25.8,0,384,,,278
redraft|preset_12_sf_ppr,P87ad947b,Dominic Zvada,K,22.9,0,356,,,288
redraft|preset_12_sf_ppr,P04b7539e,Drew Stevens,K,22.8,0,381,,,279
redraft|preset_12_sf_ppr,Pb1170022,Dustin Hopkins,K,36,0,185,,,374
redraft|preset_12_sf_ppr,P503c0549,Dylan Sampson,RB,22,0,221,,,349
redraft|preset_12_sf_ppr,P9e241c57,Dymere Miller,WR,,0,271,,,320
redraft|preset_12_sf_ppr,P10ca449b,Elijah Sarratt,WR,23.4,0,198,,,359
redraft|preset_12_sf_ppr,Pcb28e4d1,Emari Demercado,RB,27.7,0,186,,,370
redraft|preset_12_sf_ppr,P98ae4beb,Evan Engram,TE,32.1,0,408,,,272
redraft|preset_12_sf_ppr,Pfd5a092b,Garrett Nussmeier,QB,24.7,0,179,,,378
redraft|preset_12_sf_ppr,Pafc2aa02,George Holani,RB,26.8,0,346,,,294
redraft|preset_12_sf_ppr,DEF_GB,Green Bay Packers,DEF,,0,379,,,280
redraft|preset_12_sf_ppr,P2084a475,Greg Dulcich,TE,26.5,0,658,,,212
redraft|preset_12_sf_ppr,Pb2b9d0fd,Gunnar Helm,TE,24.1,0,638,,,214
redraft|preset_12_sf_ppr,P087af472,Harrison Bryant,TE,28.4,0,266,,,328
redraft|preset_12_sf_ppr,DEF_IND,Indianapolis Colts,DEF,,0,335,,,297
redraft|preset_12_sf_ppr,P5f004c39,Isaac TeSlaa,WR,24.6,0,521,,,243
redraft|preset_12_sf_ppr,Pe7e15f32,Isaiah Davis,RB,24.6,0,158,,,393
redraft|preset_12_sf_ppr,P529dd3e8,Isaiah Williams,WR,25.7,0,248,,,336
redraft|preset_12_sf_ppr,Pdd7367d6,J.J. Taylor,RB,28.7,0,203,,,358
redraft|preset_12_sf_ppr,Pcb840e56,Jack Bech,WR,23.8,0,261,,,331
redraft|preset_12_sf_ppr,P5ace3dd2,Jahan Dotson,WR,26.5,0,271,,,321
redraft|preset_12_sf_ppr,P7fbc6428,Jake Elliott,K,31.7,0,350,,,291
redraft|preset_12_sf_ppr,P9a94795f,James Conner,RB,31.4,0,214,,,354
redraft|preset_12_sf_ppr,Pd5e0b3e3,Jarquez Hunter,RB,23.8,0,185,,,373
redraft|preset_12_sf_ppr,P35da2be5,Jarrett Guarantano,QB,28.9,0,168,,,386
redraft|preset_12_sf_ppr,Pc59003b3,Jason Sanders,K,30.9,0,279,,,317
redraft|preset_12_sf_ppr,Pf44e5efe,Joey Slye,K,30.5,0,267,,,324
redraft|preset_12_sf_ppr,Pfe100a37,Josh Love,QB,30.1,0,186,,,369
redraft|preset_12_sf_ppr,P659d327a,Joshua Palmer,WR,27,0,222,,,346
redraft|preset_12_sf_ppr,DEF_KC,Kansas City Chiefs,DEF,,0,479,,,254
redraft|preset_12_sf_ppr,Pbb2ff217,KaVontae Turpin,WR,30.2,0,171,,,383
redraft|preset_12_sf_ppr,Pe991d9aa,Kenjon Barner,RB,37.4,0,233,,,342
redraft|preset_12_sf_ppr,P762a7126,Kenny Golladay,WR,32.9,0,154,,,398
redraft|preset_12_sf_ppr,Pb7aed2ae,Kenny Pickett,QB,28.3,0,629,,,218
redraft|preset_12_sf_ppr,P19758ee6,Kevin Austin,WR,26.5,0,329,,,300
redraft|preset_12_sf_ppr,Pa8b782a8,Konata Mumpfield,WR,23.9,0,222,,,347
redraft|preset_12_sf_ppr,P49c369be,Kyle Juszczyk,RB,35.4,0,231,,,344
redraft|preset_12_sf_ppr,P6142dbd1,Kyle Williams,WR,23.9,0,246,,,337
redraft|preset_12_sf_ppr,P9c77311c,Lamar Jordan,QB,32,0,152,,,400
redraft|preset_12_sf_ppr,DEF_LV,Las Vegas Raiders,DEF,,0,289,,,316
redraft|preset_12_sf_ppr,P97450bc7,LeQuint Allen,RB,22.2,0,169,,,385
redraft|preset_12_sf_ppr,Pd0d2dfcc,Marcus Burke,WR,,0,239,,,338
redraft|preset_12_sf_ppr,P21e81179,Marshall Morgan,K,32.8,0,208,,,356
redraft|preset_12_sf_ppr,Pc59d0849,Marvin Mims,WR,24.5,0,189,,,365
redraft|preset_12_sf_ppr,Pd494987e,Mason Rudolph,QB,31.2,0,729,,,196
redraft|preset_12_sf_ppr,Pd481ddea,Mason Taylor,TE,22.4,0,189,,,364
redraft|preset_12_sf_ppr,P2897eee9,Matt Gay,K,32.6,0,415,,,268
redraft|preset_12_sf_ppr,P0af551ae,Michael Mayer,TE,25.2,0,319,,,306
redraft|preset_12_sf_ppr,DEF_NO,New Orleans Saints,DEF,,0,324,,,303
redraft|preset_12_sf_ppr,DEF_NYG,New York Giants,DEF,,0,294,,,311
redraft|preset_12_sf_ppr,DEF_NYJ,New York Jets,DEF,,0,319,,,305
redraft|preset_12_sf_ppr,Pa8fb95bf,Nick Folk,K,41.9,0,360,,,286
redraft|preset_12_sf_ppr,P3e3271eb,Nick Mullens,QB,31.5,0,523,,,242
redraft|preset_12_sf_ppr,Pd2ca85cc,Noah Fant,TE,28.9,0,251,,,335
redraft|preset_12_sf_ppr,P54b5eff0,Odell Beckham,WR,33.9,0,187,,,368
redraft|preset_12_sf_ppr,P2388dc80,Olamide Zaccheaus,WR,29.2,0,160,,,391
redraft|preset_12_sf_ppr,Pd36f7238,Pat Freiermuth,TE,27.9,0,730,,,195
redraft|preset_12_sf_ppr,Pc24ed6fa,Raheim Sanders,RB,24.3,0,412,,,270
redraft|preset_12_sf_ppr,P8e3a7040,Ryan Fitzgerald,K,26.1,0,373,,,283
redraft|preset_12_sf_ppr,Pf903456f,Ryan Succop,K,40,0,157,,,395
redraft|preset_12_sf_ppr,DEF_SF,San Francisco 49ers,DEF,,0,411,,,271
redraft|preset_12_sf_ppr,P5a97e2aa,Sean Tucker,RB,24.9,0,195,,,360
redraft|preset_12_sf_ppr,P215c3a4d,Sione Vaki,RB,25.2,0,291,,,314
redraft|preset_12_sf_ppr,Pc448ad54,Spencer Shrader,K,27.4,0,516,,,246
redraft|preset_12_sf_ppr,DEF_TB,Tampa Bay Buccaneers,DEF,,0,321,,,304
redraft|preset_12_sf_ppr,DEF_TEN,Tennessee Titans,DEF,,0,263,,,330
redraft|preset_12_sf_ppr,P1b8f469c,Tevin Coleman,RB,33.5,0,160,,,392
redraft|preset_12_sf_ppr,P8c44fa76,Tez Johnson,WR,24.4,0,187,,,367
redraft|preset_12_sf_ppr,P72e06937,Theo Johnson,TE,25.6,0,163,,,388
redraft|preset_12_sf_ppr,P01d93788,Trey Smack,K,23.2,0,478,,,255
redraft|preset_12_sf_ppr,Pcf477f2b,Tyler Badie,RB,26.7,0,176,,,379
redraft|preset_12_sf_ppr,P84cf718a,Tyler Bass,K,29.6,0,500,,,251
redraft|preset_12_sf_ppr,P34edc885,Tyler Goodson,RB,25.9,0,331,,,299
redraft|preset_12_sf_ppr,Pb9aed5d4,Tyquan Thornton,WR,26.2,0,387,,,277
redraft|preset_12_sf_ppr,DEF_WAS,Washington Commanders,DEF,,0,222,,,348
redraft|preset_12_sf_ppr,P63901b97,Wil Lutz,K,32.2,0,413,,,269
redraft|preset_12_sf_ppr,P203d94ad,Will Howard,QB,25,0,496,,,252
redraft|preset_12_sf_ppr,Pdbda9089,Will Shipley,RB,24.1,0,193,,,362
redraft|preset_12_sf_ppr,P8b615e59,Xavier Legette,WR,25.7,0,239,,,339
redraft|preset_12_sf_ppr,Pdb0034d2,Zach D'Orazio,WR,35.4,0,162,,,390
dynasty|preset_dyn_12_1qb,P66d22a8d,A.J. Brown,WR,29.3,3394,4062,0.197,55,44
dynasty|preset_dyn_12_1qb,Pbd1131ae,A.J. Green,WR,38.2,2069,0,-1,106,
dynasty|preset_dyn_12_1qb,Pd3dbd292,Aaron Jones,RB,31.8,1251,1181,-0.056,154,145
dynasty|preset_dyn_12_1qb,Pdec5ace5,Aaron Rodgers,QB,42.8,463,305,-0.341,273,284
dynasty|preset_dyn_12_1qb,P0cd70a42,Adam Randall,RB,22.2,258,271,0.05,357,295
dynasty|preset_dyn_12_1qb,Pedc5545b,Adonai Mitchell,WR,24,1480,1743,0.178,135,113
dynasty|preset_dyn_12_1qb,P97280be1,Adrian Peterson,RB,41.5,1241,0,-1,155,
dynasty|preset_dyn_12_1qb,Peee16a37,AJ Barner,TE,24.4,627,896,0.429,230,176
dynasty|preset_dyn_12_1qb,P651e176c,Alec Pierce,WR,26.4,2225,2746,0.234,98,80
dynasty|preset_dyn_12_1qb,P4fcadbf6,Alex Smith,QB,42.4,299,0,-1,335,
dynasty|preset_dyn_12_1qb,P858d1f04,Allen Robinson,WR,33.1,417,0,-1,290,
dynasty|preset_dyn_12_1qb,P7a4484a8,Alshon Jeffery,WR,36.6,301,0,-1,329,
dynasty|preset_dyn_12_1qb,P0c32190d,Alvin Kamara,RB,31.2,717,631,-0.12,216,210
dynasty|preset_dyn_12_1qb,Pfd2105c1,Amari Cooper,WR,32.3,3793,0,-1,46,
dynasty|preset_dyn_12_1qb,Pdcb5f2b5,Amon-Ra St. Brown,WR,26.9,8281,8051,-0.028,6,9
dynasty|preset_dyn_12_1qb,P1d3d8ff4,Andres Borregales,K,24.7,222,261,0.176,381,301
dynasty|preset_dyn_12_1qb,P2cdcc03e,Andy Isabella,WR,29.9,482,0,-1,262,
dynasty|preset_dyn_12_1qb,P8df8e3ca,Anthony Miller,WR,32,440,0,-1,279,
dynasty|preset_dyn_12_1qb,Pf782d7a7,Anthony Richardson,QB,24.4,495,0,-1,261,
dynasty|preset_dyn_12_1qb,Pea82017f,Antonio Williams,WR,22.2,1358,2048,0.508,146,101
dynasty|preset_dyn_12_1qb,Pe845eeed,Ashton Jeanty,RB,22.8,7309,8235,0.127,7,7
dynasty|preset_dyn_12_1qb,P1a59f0b1,Audric Estime,RB,23.1,255,226,-0.114,361,318
dynasty|preset_dyn_12_1qb,P3774ad01,Baker Mayfield,QB,31.5,1007,999,-0.008,182,161
dynasty|preset_dyn_12_1qb,DEF_BAL,Baltimore Ravens,DEF,,640,523,-0.183,225,234
dynasty|preset_dyn_12_1qb,Pa11e3813,Ben Roethlisberger,QB,44.6,299,0,-1,336,
dynasty|preset_dyn_12_1qb,Pd3865985,Bhayshul Tuten,RB,23.6,2851,2797,-0.019,73,77
dynasty|preset_dyn_12_1qb,P5af06916,Bijan Robinson,RB,24.7,10629,10154,-0.045,3,3
dynasty|preset_dyn_12_1qb,Pb31121f0,Blaine Gabbert,QB,37,353,0,-1,309,
dynasty|preset_dyn_12_1qb,P8c91a737,Blake Bortles,QB,34.8,461,0,-1,275,
dynasty|preset_dyn_12_1qb,Pdbc94768,Blake Corum,RB,25.9,1573,1898,0.207,130,107
dynasty|preset_dyn_12_1qb,Pd5c93df6,Bo Nix,QB,26.6,1818,1835,0.009,115,110
dynasty|preset_dyn_12_1qb,Pebe1657e,Braelon Allen,RB,22.7,788,891,0.131,208,178
dynasty|preset_dyn_12_1qb,P9373807e,Brandon Aiyuk,WR,28.5,1081,401,-0.629,174,263
dynasty|preset_dyn_12_1qb,P7d430e0d,Brandon Aubrey,K,31.6,850,839,-0.013,199,183
dynasty|preset_dyn_12_1qb,P41b4291a,Breece Hall,RB,25.3,4429,4517,0.02,28,38
dynasty|preset_dyn_12_1qb,Pd2928f64,Brenton Strange,TE,25.8,926,1211,0.308,193,143
dynasty|preset_dyn_12_1qb,P1f8f4ce8,Breshad Perriman,WR,33.1,1688,0,-1,121,
dynasty|preset_dyn_12_1qb,P55ce35f3,Brian Robinson,RB,27.5,498,580,0.165,259,224
dynasty|preset_dyn_12_1qb,Peec555ee,Brian Thomas Jr.,WR,24,2194,3073,0.401,99,67
dynasty|preset_dyn_12_1qb,P9763afd4,Brock Bowers,TE,23.8,7244,8118,0.121,8,8
dynasty|preset_dyn_12_1qb,P28375973,Brock Purdy,QB,26.8,2894,2356,-0.186,71,90
dynasty|preset_dyn_12_1qb,Pa9a8cc51,Bryan Edwards,WR,27.9,225,0,-1,377,
dynasty|preset_dyn_12_1qb,P777ccf48,Bryce Lance,WR,24.1,383,534,0.394,298,232
dynasty|preset_dyn_12_1qb,P617b2fc0,Bryce Young,QB,25.2,1531,1399,-0.086,133,134
dynasty|preset_dyn_12_1qb,P1c5c326e,Bucky Irving,RB,24.1,3827,3753,-0.019,44,52
dynasty|preset_dyn_12_1qb,DEF_BUF,Buffalo Bills,DEF,,251,234,-0.068,364,315
dynasty|preset_dyn_12_1qb,Pc7c23a20,C.J. Prosise,RB,32.4,297,0,-1,338,
dynasty|preset_dyn_12_1qb,Pf482d2ee,C.J. Stroud,QB,25,1262,1166,-0.076,153,148
dynasty|preset_dyn_12_1qb,P3ab41e15,Cade Otton,TE,27.5,336,442,0.315,316,251
dynasty|preset_dyn_12_1qb,Peaae8d4d,Cairo Santos,K,34.9,304,304,0,328,285
dynasty|preset_dyn_12_1qb,P39436ffb,Caleb Douglas,WR,23.1,1106,1353,0.223,173,136
dynasty|preset_dyn_12_1qb,P586ba594,Caleb Williams,QB,24.9,3004,2904,-0.033,68,71
dynasty|preset_dyn_12_1qb,P29375b06,Calvin Austin III,WR,27.5,238,284,0.193,370,288
dynasty|preset_dyn_12_1qb,Pa579d759,Calvin Ridley,WR,31.8,258,402,0.558,358,261
dynasty|preset_dyn_12_1qb,Pcea552e1,Cam Little,K,23.1,580,603,0.04,236,217
dynasty|preset_dyn_12_1qb,Pbc22793c,Cam Newton,QB,37.4,381,0,-1,299,
dynasty|preset_dyn_12_1qb,Pd7865fd1,Cam Skattebo,RB,24.7,3221,3264,0.013,62,62
dynasty|preset_dyn_12_1qb,Pea0365a1,Cam Ward,QB,24.4,757,798,0.054,210,190
dynasty|preset_dyn_12_1qb,P18734ebc,Cameron Dicker,K,26.4,575,593,0.031,237,220
dynasty|preset_dyn_12_1qb,Pa40b1da4,Carnell Tate,WR,21.7,3958,5149,0.301,40,26
dynasty|preset_dyn_12_1qb,P4338f25d,Carson Beck,QB,24.9,230,112,-0.513,375,382
dynasty|preset_dyn_12_1qb,P4a520e7b,Carson Wentz,QB,33.8,232,0,-1,373,
dynasty|preset_dyn_12_1qb,P1f2f863d,Case Keenum,QB,38.6,296,93,-0.686,342,396
dynasty|preset_dyn_12_1qb,P9ea67c69,CeeDee Lamb,WR,27.5,6893,7054,0.023,10,11
dynasty|preset_dyn_12_1qb,P6010c4a0,Chase Brown,RB,26.5,4635,4577,-0.013,25,36
dynasty|preset_dyn_12_1qb,P1427b1e6,Chase McLaughlin,K,30.5,343,367,0.07,311,268
dynasty|preset_dyn_12_1qb,DEF_CHI,Chicago Bears,DEF,,213,190,-0.108,390,338
dynasty|preset_dyn_12_1qb,Pb32fe57f,Chigoziem Okonkwo,TE,27.1,415,607,0.463,292,216
dynasty|preset_dyn_12_1qb,P4389486c,Chimere Dike,WR,24.8,244,342,0.402,366,273
dynasty|preset_dyn_12_1qb,P3f43796d,Chris Bell,WR,22.3,1186,1773,0.495,164,111
dynasty|preset_dyn_12_1qb,Pacb49f84,Chris Boswell,K,35.6,384,402,0.047,297,262
dynasty|preset_dyn_12_1qb,Pe781fcc6,Chris Brazzell II,WR,22.9,536,799,0.491,244,189
dynasty|preset_dyn_12_1qb,Pf92d7df6,Chris Godwin,WR,30.6,1221,1468,0.202,160,127
dynasty|preset_dyn_12_1qb,P21759b7e,Chris Olave,WR,26.3,6690,6771,0.012,13,13
dynasty|preset_dyn_12_1qb,P28fb0b5f,Chris Rodriguez,RB,26,520,589,0.133,252,221
dynasty|preset_dyn_12_1qb,Pd8949eca,Christian Kirk,WR,29.9,216,229,0.06,388,317
dynasty|preset_dyn_12_1qb,Pccd988f6,Christian McCaffrey,RB,30.3,5603,5188,-0.074,19,25
dynasty|preset_dyn_12_1qb,P3db422ce,Christian Watson,WR,27.4,4572,4794,0.049,27,30
dynasty|preset_dyn_12_1qb,Pcc77f3c4,Chuba Hubbard,RB,27.3,2662,2527,-0.051,79,87
dynasty|preset_dyn_12_1qb,DEF_CLE,Cleveland Browns,DEF,,239,241,0.008,369,310
dynasty|preset_dyn_12_1qb,Paca8d10a,Clyde Edwards-Helaire,RB,27.5,563,0,-1,239,
dynasty|preset_dyn_12_1qb,Pe445e8a1,Colston Loveland,TE,22.5,2507,4079,0.627,86,43
dynasty|preset_dyn_12_1qb,Pfe320303,Cooper Kupp,WR,33.3,400,555,0.387,295,228
dynasty|preset_dyn_12_1qb,Pee067aab,Cordarrelle Patterson,RB,35.5,338,0,-1,314,
dynasty|preset_dyn_12_1qb,P90ac00bc,Corey Davis,WR,31.7,3891,0,-1,41,
dynasty|preset_dyn_12_1qb,P7ef68d96,Courtland Sutton,WR,31,1714,1960,0.144,120,102
dynasty|preset_dyn_12_1qb,Pfad92c83,Cyrus Allen,WR,23.6,347,599,0.726,310,218
dynasty|preset_dyn_12_1qb,Pd6949ba4,D.J. Chark,WR,30,480,0,-1,264,
dynasty|preset_dyn_12_1qb,Pa57c15f0,D.J. Moore,WR,29.5,3090,3606,0.167,65,58
dynasty|preset_dyn_12_1qb,P937141e7,D'Andre Swift,RB,27.7,3746,3290,-0.122,48,61
dynasty|preset_dyn_12_1qb,P0592af8e,Dak Prescott,QB,33.2,1869,1677,-0.103,110,117
dynasty|preset_dyn_12_1qb,P8bf8e0a4,Dallas Goedert,TE,31.7,1022,1102,0.078,180,153
dynasty|preset_dyn_12_1qb,Pd0928c3e,Dalton Kincaid,TE,27,2523,3154,0.25,85,65
dynasty|preset_dyn_12_1qb,Pfdd9406f,Dalton Schultz,TE,30.2,851,970,0.14,198,166
dynasty|preset_dyn_12_1qb,P1ab15728,Dalvin Cook,RB,31.1,469,0,-1,269,
dynasty|preset_dyn_12_1qb,Pd8447924,Dan Bailey,K,38.7,280,0,-1,346,
dynasty|preset_dyn_12_1qb,Pa57bbc75,Daniel Carlson,K,31.7,249,216,-0.133,365,326
dynasty|preset_dyn_12_1qb,Pbf6954e6,Daniel Jones,QB,29.4,818,781,-0.045,203,191
dynasty|preset_dyn_12_1qb,P21ae0667,Darnell Mooney,WR,28.9,274,444,0.62,353,250
dynasty|preset_dyn_12_1qb,P56cfd2c6,Darrell Henderson,RB,29.1,340,0,-1,312,
dynasty|preset_dyn_12_1qb,Pb2655091,Darren Waller,TE,34.1,300,349,0.163,332,271
dynasty|preset_dyn_12_1qb,Pd55a2534,Davante Adams,WR,33.8,3797,3727,-0.018,45,53
dynasty|preset_dyn_12_1qb,P1b849c96,David Bell,WR,25.8,234,0,-1,372,
dynasty|preset_dyn_12_1qb,Pd3e89c73,David Montgomery,RB,29.3,2189,2333,0.066,101,92
dynasty|preset_dyn_12_1qb,P78fa7c06,De'Von Achane,RB,25,4414,4513,0.022,29,39
dynasty|preset_dyn_12_1qb,Pe570b07f,De'Zhaun Stribling,WR,23.8,1269,1902,0.499,152,106
dynasty|preset_dyn_12_1qb,Pc8696311,Deebo Samuel,WR,30.7,1818,1906,0.048,116,105
dynasty|preset_dyn_12_1qb,Pb902a9d4,Demario Douglas,WR,25.8,304,422,0.388,326,256
dynasty|preset_dyn_12_1qb,Pf6a3b5dc,Demond Claiborne,RB,23,300,268,-0.107,331,297
dynasty|preset_dyn_12_1qb,DEF_DEN,Denver Broncos,DEF,,964,1053,0.092,187,156
dynasty|preset_dyn_12_1qb,Pe770b3a5,Denzel Boston,WR,22.8,2982,3693,0.238,69,55
dynasty|preset_dyn_12_1qb,P17768ee1,Denzel Mims,WR,29,500,0,-1,258,
dynasty|preset_dyn_12_1qb,P8156ec66,Derrick Henry,RB,32.7,4375,4038,-0.077,30,45
dynasty|preset_dyn_12_1qb,P84f8d59f,Derrius Guice,RB,29.3,1184,0,-1,165,
dynasty|preset_dyn_12_1qb,P2699d2f1,Deshaun Watson,QB,31.1,652,511,-0.216,222,238
dynasty|preset_dyn_12_1qb,DEF_DET,Detroit Lions,DEF,,324,273,-0.157,319,293
dynasty|preset_dyn_12_1qb,Pfa210108,DeVante Parker,WR,33.7,3470,0,-1,53,
dynasty|preset_dyn_12_1qb,P55a01738,Devaughn Vele,WR,28.8,748,927,0.239,211,170
dynasty|preset_dyn_12_1qb,P3690bc32,Devin Smith,WR,34.6,371,0,-1,303,
dynasty|preset_dyn_12_1qb,Pd5b3a919,DeVonta Smith,WR,27.9,4235,4984,0.177,36,27
dynasty|preset_dyn_12_1qb,P351ae8f2,Dez Bryant,WR,37.9,965,0,-1,186,
dynasty|preset_dyn_12_1qb,Pceca7f80,DK Metcalf,WR,28.8,2333,2780,0.192,93,79
dynasty|preset_dyn_12_1qb,P87ad947b,Dominic Zvada,K,22.9,427,422,-0.012,285,255
dynasty|preset_dyn_12_1qb,P89cc1232,Dontayvion Wicks,WR,25.3,1155,1364,0.181,168,135
dynasty|preset_dyn_12_1qb,P22759d11,Drake London,WR,25.2,6331,6754,0.067,16,14
dynasty|preset_dyn_12_1qb,Pf4e37474,Drake Maye,QB,24.1,2802,2782,-0.007,76,78
dynasty|preset_dyn_12_1qb,P04b7539e,Drew Stevens,K,22.8,337,244,-0.276,315,309
dynasty|preset_dyn_12_1qb,Pc9afa657,Duke Johnson,RB,33,291,0,-1,344,
dynasty|preset_dyn_12_1qb,P503c0549,Dylan Sampson,RB,22,479,549,0.146,265,230
dynasty|preset_dyn_12_1qb,Pab7e047e,Eddy Pineiro,K,31.1,448,447,-0.002,276,248
dynasty|preset_dyn_12_1qb,Pe2255f18,Eli Raridon,TE,22.6,235,486,1.068,371,243
dynasty|preset_dyn_12_1qb,P1eff1352,Eli Stowers,TE,23.5,723,1029,0.423,215,159
dynasty|preset_dyn_12_1qb,Pe83922fa,Elic Ayomanor,WR,23.3,463,713,0.54,272,198
dynasty|preset_dyn_12_1qb,P10ca449b,Elijah Sarratt,WR,23.4,465,610,0.312,271,215
dynasty|preset_dyn_12_1qb,Pc917988a,Emanuel Wilson,RB,27.4,279,284,0.018,348,289
dynasty|preset_dyn_12_1qb,Pdd45dd9c,Emeka Egbuka,WR,24,3780,4941,0.307,47,28
dynasty|preset_dyn_12_1qb,Peb75371f,Emmett Johnson,RB,23,1064,1314,0.235,176,138
dynasty|preset_dyn_12_1qb,Pd35a220e,Eric Ebron,TE,33.5,1451,0,-1,138,
dynasty|preset_dyn_12_1qb,P53793614,Evan McPherson,K,27.2,421,416,-0.012,288,258
dynasty|preset_dyn_12_1qb,P738b0df3,Ezekiel Elliott,RB,31.2,3605,0,-1,51,
dynasty|preset_dyn_12_1qb,P4038eda4,Fernando Mendoza,QB,23,1449,1403,-0.032,139,132
dynasty|preset_dyn_12_1qb,P5bce3f65,Garrett Wilson,WR,26.2,5292,5759,0.088,21,23
dynasty|preset_dyn_12_1qb,Pfd0453b1,Geno Smith,QB,36,513,581,0.133,254,223
dynasty|preset_dyn_12_1qb,Pd4d9958e,George Kittle,TE,33,2292,2348,0.024,95,91
dynasty|preset_dyn_12_1qb,P1b825dff,George Pickens,WR,25.6,4696,5826,0.241,24,21
dynasty|preset_dyn_12_1qb,P20b1609a,Gerald Everett,TE,32.3,213,0,-1,392,
dynasty|preset_dyn_12_1qb,P24ff1cc4,Germie Bernard,WR,22.8,931,1172,0.259,192,147
dynasty|preset_dyn_12_1qb,DEF_GB,Green Bay Packers,DEF,,314,351,0.118,321,270
dynasty|preset_dyn_12_1qb,P2084a475,Greg Dulcich,TE,26.5,210,332,0.581,397,275
dynasty|preset_dyn_12_1qb,Pb2b9d0fd,Gunnar Helm,TE,24.1,225,409,0.818,378,259
dynasty|preset_dyn_12_1qb,P650055ab,Harold Fannin,TE,22.2,2711,3690,0.361,78,56
dynasty|preset_dyn_12_1qb,Pb8357090,Harrison Butker,K,31.2,398,386,-0.03,296,265
dynasty|preset_dyn_12_1qb,Pd3bb210f,Harrison Mevis,K,24.5,472,421,-0.108,267,257
dynasty|preset_dyn_12_1qb,Pa679d8ec,Hayden Hurst,TE,33.1,313,0,-1,322,
dynasty|preset_dyn_12_1qb,Pa7a68a94,Henry Ruggs,WR,27.7,4316,0,-1,33,
dynasty|preset_dyn_12_1qb,DEF_HOU,Houston Texans,DEF,,1170,1163,-0.006,166,149
dynasty|preset_dyn_12_1qb,Pf4700289,Hunter Henry,TE,31.8,478,637,0.333,266,209
dynasty|preset_dyn_12_1qb,DEF_IND,Indianapolis Colts,DEF,,223,219,-0.018,380,323
dynasty|preset_dyn_12_1qb,P33e702d3,Irv Smith,TE,28.2,264,0,-1,355,
dynasty|preset_dyn_12_1qb,P5f004c39,Isaac TeSlaa,WR,24.6,508,820,0.614,257,186
dynasty|preset_dyn_12_1qb,Pe7e15f32,Isaiah Davis,RB,24.6,210,244,0.162,398,308
dynasty|preset_dyn_12_1qb,P34376c57,Isaiah Likely,TE,26.5,1474,1940,0.316,137,103
dynasty|preset_dyn_12_1qb,P2ddc745f,Isiah Pacheco,RB,27.6,262,231,-0.118,356,316
dynasty|preset_dyn_12_1qb,Pe3733c2a,J.J. McCarthy,QB,23.7,584,557,-0.046,234,227
dynasty|preset_dyn_12_1qb,Pfcd6ea37,J.K. Dobbins,RB,27.8,1193,1142,-0.043,162,151
dynasty|preset_dyn_12_1qb,P16ca4e0d,Ja'Kobi Lane,WR,22.2,1049,1573,0.5,177,120
dynasty|preset_dyn_12_1qb,P4f6dd600,Ja'Lynn Polk,WR,24.5,1036,0,-1,179,
dynasty|preset_dyn_12_1qb,P6db0c6ca,Ja'Marr Chase,WR,26.6,9523,10141,0.065,4,4
dynasty|preset_dyn_12_1qb,Pcb840e56,Jack Bech,WR,23.8,358,697,0.947,305,200
dynasty|preset_dyn_12_1qb,DEF_JAX,Jacksonville Jaguars,DEF,,512,519,0.014,256,236
dynasty|preset_dyn_12_1qb,Pf015a505,Jacoby Brissett,QB,33.8,734,579,-0.211,212,225
dynasty|preset_dyn_12_1qb,P7a0fb4ef,Jacoby Jones,WR,25.2,406,0,-1,294,
dynasty|preset_dyn_12_1qb,P8733a976,Jacory Croskey-Merritt,RB,25.5,1384,1402,0.013,143,133
dynasty|preset_dyn_12_1qb,Pb2405cdf,Jadarian Price,RB,23,2805,3105,0.107,75,66
dynasty|preset_dyn_12_1qb,P6e8a4ec1,Jahmyr Gibbs,RB,24.5,11968,11936,-0.003,1,1
dynasty|preset_dyn_12_1qb,Peb80862c,Jake Bates,K,27.6,481,458,-0.048,263,246
dynasty|preset_dyn_12_1qb,Pab4feb64,Jake Ferguson,TE,27.7,1240,1346,0.085,157,137
dynasty|preset_dyn_12_1qb,P4de4ed2a,Jakobi Meyers,WR,29.9,1766,2093,0.185,117,100
dynasty|preset_dyn_12_1qb,Pdabb2c14,Jalen Coker,WR,24.9,2555,2874,0.125,84,75
dynasty|preset_dyn_12_1qb,P32e70140,Jalen Hurd,WR,30.7,217,0,-1,386,
dynasty|preset_dyn_12_1qb,P219a7eaf,Jalen Hurts,QB,28.2,2505,2204,-0.12,87,97
dynasty|preset_dyn_12_1qb,Pf0e36e28,Jalen McMillan,WR,24.8,521,767,0.472,251,192
dynasty|preset_dyn_12_1qb,P958e5700,Jalen Nailor,WR,27.6,422,667,0.581,287,205
dynasty|preset_dyn_12_1qb,P279a8821,Jalen Reagor,WR,27.8,2089,0,-1,105,
dynasty|preset_dyn_12_1qb,P66171db0,Jameis Winston,QB,32.7,211,101,-0.521,394,390
dynasty|preset_dyn_12_1qb,P208265de,James Cook,RB,27,5911,5882,-0.005,17,20
dynasty|preset_dyn_12_1qb,P31f5b0bc,James Washington,WR,30.5,470,0,-1,268,
dynasty|preset_dyn_12_1qb,P18825946,Jameson Williams,WR,25.5,3029,3803,0.256,67,48
dynasty|preset_dyn_12_1qb,P631898a5,Jared Goff,QB,32,1842,1526,-0.172,112,123
dynasty|preset_dyn_12_1qb,P81804cc5,Jason Myers,K,35.4,595,572,-0.039,233,226
dynasty|preset_dyn_12_1qb,P13768895,Jauan Jennings,WR,29.2,629,759,0.207,229,193
dynasty|preset_dyn_12_1qb,P689f75ca,Javonte Williams,RB,26.4,4250,4207,-0.01,35,42
dynasty|preset_dyn_12_1qb,P5bf06aa9,Jaxon Smith-Njigba,WR,24.6,11273,10984,-0.026,2,2
dynasty|preset_dyn_12_1qb,Pd6e0b576,Jaxson Dart,QB,23.4,1432,1582,0.105,140,119
dynasty|preset_dyn_12_1qb,P506b98fc,Jayden Daniels,QB,25.8,2261,2216,-0.02,97,96
dynasty|preset_dyn_12_1qb,P6042da3e,Jayden Higgins,WR,23.8,1599,2307,0.443,128,94
dynasty|preset_dyn_12_1qb,Pe97e446f,Jayden Reed,WR,26.4,1480,1936,0.308,136,104
dynasty|preset_dyn_12_1qb,P55e5175f,Jaylen Waddle,WR,27.9,3288,4020,0.223,61,46
dynasty|preset_dyn_12_1qb,P1c735508,Jaylen Warren,RB,27.9,2825,2661,-0.058,74,82
dynasty|preset_dyn_12_1qb,P65de1629,Jaylen Wright,RB,23.5,523,544,0.04,250,231
dynasty|preset_dyn_12_1qb,P5842cda6,Jaylin Noel,WR,24.1,562,835,0.486,242,185
dynasty|preset_dyn_12_1qb,Pe772f23c,Jeremiyah Love,RB,21.3,6882,8278,0.203,11,5
dynasty|preset_dyn_12_1qb,P332abf8a,Jeremy Moussa,QB,,209,0,-1,400,
dynasty|preset_dyn_12_1qb,Pbb16c604,Jerry Jeudy,WR,27.4,424,677,0.597,286,201
dynasty|preset_dyn_12_1qb,P3020788f,Joe Burrow,QB,29.8,2652,2574,-0.029,80,86
dynasty|preset_dyn_12_1qb,P1eb15d74,Joe Mixon,RB,30.2,465,0,-1,270,
dynasty|preset_dyn_12_1qb,Padc781e2,John Ross,WR,30.8,4042,0,-1,39,
dynasty|preset_dyn_12_1qb,P19fcccdc,Jonah Coleman,RB,23.1,1305,1496,0.146,149,125
dynasty|preset_dyn_12_1qb,P897dfe1c,Jonathan Taylor,RB,27.7,6606,6186,-0.064,14,17
dynasty|preset_dyn_12_1qb,P8d61617f,Jonathon Brooks,RB,23.2,1128,1150,0.02,170,150
dynasty|preset_dyn_12_1qb,Pd7a1a1cd,Jordan Addison,WR,24.7,2318,2896,0.249,94,73
dynasty|preset_dyn_12_1qb,P9873885d,Jordan Love,QB,27.9,1427,1311,-0.081,141,140
dynasty|preset_dyn_12_1qb,P7c5364d2,Jordan Mason,RB,27.4,934,939,0.005,191,169
dynasty|preset_dyn_12_1qb,Ped72fbae,Jordyn Tyson,WR,22.1,3652,4600,0.26,49,34
dynasty|preset_dyn_12_1qb,P3574a9db,Josh Allen,QB,30.4,6477,5951,-0.081,15,19
dynasty|preset_dyn_12_1qb,P8556f2b2,Josh Doctson,WR,33.8,1589,0,-1,129,
dynasty|preset_dyn_12_1qb,Pd4a19d14,Josh Downs,WR,25.1,2443,2922,0.196,90,70
dynasty|preset_dyn_12_1qb,P456c666f,Josh Jacobs,RB,28.6,2573,2332,-0.094,83,93
dynasty|preset_dyn_12_1qb,P85f6989b,Josh Rosen,QB,29.6,562,0,-1,241,
dynasty|preset_dyn_12_1qb,P659d327a,Joshua Palmer,WR,27,230,280,0.217,374,290
dynasty|preset_dyn_12_1qb,P6abb4f6d,Justin Fields,QB,27.6,651,332,-0.49,223,276
dynasty|preset_dyn_12_1qb,Pa9a68dba,Justin Herbert,QB,28.6,1724,1764,0.023,119,112
dynasty|preset_dyn_12_1qb,Pa2b34ea8,Justin Jefferson,WR,27.3,5795,6880,0.187,18,12
dynasty|preset_dyn_12_1qb,P5d585ad9,Juwan Johnson,TE,30.1,1241,1310,0.056,156,141
dynasty|preset_dyn_12_1qb,P7f61769c,Ka'imi Fairbairn,K,32.7,681,649,-0.047,219,207
dynasty|preset_dyn_12_1qb,Pd4b3a786,Kadarius Toney,WR,27.7,2639,0,-1,81,
dynasty|preset_dyn_12_1qb,Pe27fb650,Kaelon Black,RB,25,817,921,0.127,205,173
dynasty|preset_dyn_12_1qb,Pe036d7cb,Kaleb Johnson,RB,23.1,375,462,0.232,300,245
dynasty|preset_dyn_12_1qb,P451d903f,Kalif Raymond,WR,32.2,580,627,0.081,235,213
dynasty|preset_dyn_12_1qb,DEF_KC,Kansas City Chiefs,DEF,,370,329,-0.111,304,277
dynasty|preset_dyn_12_1qb,Pf72d7ad0,Kareem Hunt,RB,31.2,297,220,-0.259,340,321
dynasty|preset_dyn_12_1qb,Pb5fe27ed,Kayshon Boutte,WR,24.4,833,1012,0.215,200,160
dynasty|preset_dyn_12_1qb,P768999a8,Kaytron Allen,RB,23.7,309,259,-0.162,325,303
dynasty|preset_dyn_12_1qb,P3d346bbd,KC Concepcion,WR,22,2801,3781,0.35,77,50
dynasty|preset_dyn_12_1qb,Pcd857dc6,Keaton Mitchell,RB,24.7,542,630,0.162,243,211
dynasty|preset_dyn_12_1qb,P847e4019,Keenan Allen,WR,34.4,798,888,0.113,207,180
dynasty|preset_dyn_12_1qb,P5df2ac66,Kendre Miller,RB,24.3,299,326,0.09,333,280
dynasty|preset_dyn_12_1qb,Pbc3576dc,Kendrick Bourne,WR,31.2,213,225,0.056,391,319
dynasty|preset_dyn_12_1qb,Pdab3b0f8,Kenneth Gainwell,RB,27.6,968,961,-0.007,185,168
dynasty|preset_dyn_12_1qb,P2bb6450f,Kenneth Walker III,RB,26,6765,6440,-0.048,12,16
dynasty|preset_dyn_12_1qb,Pe270abc6,Kenyon Sadiq,TE,21.6,2097,2929,0.397,104,69
dynasty|preset_dyn_12_1qb,P556ddf72,Keon Coleman,WR,23.4,808,1043,0.291,206,158
dynasty|preset_dyn_12_1qb,P7ff68f29,Kerryon Johnson,RB,29.3,1076,0,-1,175,
dynasty|preset_dyn_12_1qb,P33436689,Kevin Coleman,WR,23.1,243,441,0.815,367,252
dynasty|preset_dyn_12_1qb,Pfc21042e,Kevin White,WR,34.3,3322,0,-1,60,
dynasty|preset_dyn_12_1qb,Pad7d33a7,Khalil Shakir,WR,26.7,1379,1446,0.049,145,129
dynasty|preset_dyn_12_1qb,P8c5493f9,Kimani Vidal,RB,25.1,297,277,-0.067,339,291
dynasty|preset_dyn_12_1qb,Pc049d3ab,Kirk Cousins,QB,38.1,373,250,-0.33,302,306
dynasty|preset_dyn_12_1qb,Pb6147f8e,KJ Hamler,WR,27.2,527,0,-1,247,
dynasty|preset_dyn_12_1qb,Pa8b782a8,Konata Mumpfield,WR,23.9,277,376,0.357,350,267
dynasty|preset_dyn_12_1qb,P8d44fc09,Kyle Monangai,RB,24.3,1553,1528,-0.016,132,122
dynasty|preset_dyn_12_1qb,Pdfb83605,Kyle Pitts,TE,26,1335,1719,0.288,147,116
dynasty|preset_dyn_12_1qb,P6142dbd1,Kyle Williams,WR,23.9,278,533,0.917,349,233
dynasty|preset_dyn_12_1qb,Paf8e3612,Kyler Murray,QB,29.2,922,888,-0.037,194,179
dynasty|preset_dyn_12_1qb,P222606e0,Kyren Williams,RB,26.1,4157,4305,0.036,37,40
dynasty|preset_dyn_12_1qb,P4d6b9443,Ladd McConkey,WR,24.9,3377,4285,0.269,56,41
dynasty|preset_dyn_12_1qb,Pc79006d9,Lamar Jackson,QB,29.7,3331,3254,-0.023,59,64
dynasty|preset_dyn_12_1qb,Pa41e3ccc,Larry Fitzgerald,WR,43.1,1846,0,-1,111,
dynasty|preset_dyn_12_1qb,P8c737579,Laviska Shenault,WR,28,517,0,-1,253,
dynasty|preset_dyn_12_1qb,P568a367c,Le'Veon Bell,RB,34.6,866,0,-1,196,
dynasty|preset_dyn_12_1qb,P1fa6d1ab,Leonard Fournette,RB,31.7,1666,0,-1,123,
dynasty|preset_dyn_12_1qb,P1344add2,LeSean McCoy,RB,38.2,649,0,-1,224,
dynasty|preset_dyn_12_1qb,DEF_LAC,Los Angeles Chargers,DEF,,256,329,0.285,359,278
dynasty|preset_dyn_12_1qb,DEF_LAR,Los Angeles Rams,DEF,,1047,993,-0.052,178,164
dynasty|preset_dyn_12_1qb,Pd381dc57,Luther Burden,WR,22.8,3483,4660,0.338,52,32
dynasty|preset_dyn_12_1qb,Pddb832df,Mac Jones,QB,28.1,300,202,-0.327,330,334
dynasty|preset_dyn_12_1qb,P98947639,Mack Hollins,WR,33,436,521,0.195,282,235
dynasty|preset_dyn_12_1qb,P0fc80471,Makai Lemon,WR,22.3,2458,3401,0.384,89,60
dynasty|preset_dyn_12_1qb,Pec8204a5,Malachi Fields,WR,23.1,901,1184,0.314,195,144
dynasty|preset_dyn_12_1qb,Pfed932cf,Malik Benson,WR,24,217,264,0.217,387,299
dynasty|preset_dyn_12_1qb,P8e63a1a9,Malik Nabers,WR,23.2,5142,6559,0.276,22,15
dynasty|preset_dyn_12_1qb,Pe7c30c52,Malik Washington,WR,25.7,939,1045,0.113,190,157
dynasty|preset_dyn_12_1qb,P39b41c82,Malik Willis,QB,27.4,636,647,0.017,227,208
dynasty|preset_dyn_12_1qb,Pc8ad662d,Marcus Mariota,QB,32.9,339,153,-0.549,313,355
dynasty|preset_dyn_12_1qb,P4299c2d6,Mark Andrews,TE,31.1,632,871,0.378,228,182
dynasty|preset_dyn_12_1qb,P5cd98ad0,MarShawn Lloyd,RB,25.7,602,666,0.106,231,206
dynasty|preset_dyn_12_1qb,P68e05979,Marvin Harrison Jr.,WR,24.1,2124,2902,0.366,103,72
dynasty|preset_dyn_12_1qb,Pc59d0849,Marvin Mims,WR,24.5,220,358,0.627,383,269
dynasty|preset_dyn_12_1qb,P2897eee9,Matt Gay,K,32.6,312,298,-0.045,323,287
dynasty|preset_dyn_12_1qb,P69005bf7,Matthew Golden,WR,23.2,3099,3711,0.197,64,54
dynasty|preset_dyn_12_1qb,P9e7cde13,Matthew Stafford,QB,38.7,1221,995,-0.185,159,162
dynasty|preset_dyn_12_1qb,Pf31eb76c,Maxx Williams,TE,32.5,212,0,-1,393,
dynasty|preset_dyn_12_1qb,P8046ec9d,Mecole Hardman,WR,28.6,213,0,-1,389,
dynasty|preset_dyn_12_1qb,P3735a89e,Melvin Gordon,RB,33.5,1530,0,-1,134,
dynasty|preset_dyn_12_1qb,Pd3925854,Michael Gallup,WR,30.6,218,0,-1,385,
dynasty|preset_dyn_12_1qb,P0af551ae,Michael Mayer,TE,25.2,243,406,0.671,368,260
dynasty|preset_dyn_12_1qb,P4f6b9769,Michael Penix Jr.,QB,26.4,723,742,0.026,214,195
dynasty|preset_dyn_12_1qb,P18769074,Michael Pittman,WR,29,1670,1854,0.11,122,108
dynasty|preset_dyn_12_1qb,P65f2b8fe,Michael Wilson,WR,26.6,3446,3518,0.021,54,59
dynasty|preset_dyn_12_1qb,P819195e6,Mike Evans,WR,33.1,2419,2803,0.159,91,76
dynasty|preset_dyn_12_1qb,Pb37c2bfa,Mike Gesicki,TE,31,209,254,0.215,399,305
dynasty|preset_dyn_12_1qb,P0eca4175,Mike Washington Jr.,RB,23.3,711,875,0.231,217,181
dynasty|preset_dyn_12_1qb,P2599d15e,Mike Williams,WR,32,3842,0,-1,43,
dynasty|preset_dyn_12_1qb,P466c6802,Miles Boykin,WR,30,224,0,-1,379,
dynasty|preset_dyn_12_1qb,DEF_MIN,Minnesota Vikings,DEF,,859,837,-0.026,197,184
dynasty|preset_dyn_12_1qb,Pda6f7d3d,Najee Harris,RB,28.6,226,275,0.217,376,292
dynasty|preset_dyn_12_1qb,Pf820fde2,Nelson Agholor,WR,33.4,1645,0,-1,125,
dynasty|preset_dyn_12_1qb,DEF_NE,New England Patriots,DEF,,572,550,-0.038,238,229
dynasty|preset_dyn_12_1qb,P0ed70d68,Nicholas Singleton,RB,22.7,524,628,0.198,249,212
dynasty|preset_dyn_12_1qb,Pc890086c,Nick Chubb,RB,30.8,210,513,1.443,396,237
dynasty|preset_dyn_12_1qb,Pcd77f557,Nico Collins,WR,27.5,4743,5551,0.17,23,24
dynasty|preset_dyn_12_1qb,P98ac0d54,O.J. Howard,TE,31.9,320,0,-1,320,
dynasty|preset_dyn_12_1qb,P54b5eff0,Odell Beckham,WR,33.9,294,712,1.422,343,199
dynasty|preset_dyn_12_1qb,Pdc2a058c,Ollie Gordon,RB,22.7,683,730,0.069,218,197
dynasty|preset_dyn_12_1qb,Pb3405e72,Omar Cooper Jr.,WR,22.8,1836,2376,0.294,113,89
dynasty|preset_dyn_12_1qb,P68005a64,Omarion Hampton,RB,23.6,4366,4821,0.104,32,29
dynasty|preset_dyn_12_1qb,P612d1582,Oronde Gadsden,TE,23.3,669,965,0.442,220,167
dynasty|preset_dyn_12_1qb,Pa7fe11e3,Parker Washington,WR,24.5,4374,4784,0.094,31,31
dynasty|preset_dyn_12_1qb,Pdfdbe364,Parris Campbell,WR,29.2,496,0,-1,260,
dynasty|preset_dyn_12_1qb,P6442e08a,Pat Bryant,WR,23.8,1119,1436,0.283,171,131
dynasty|preset_dyn_12_1qb,Pd36f7238,Pat Freiermuth,TE,27.9,447,674,0.508,277,202
dynasty|preset_dyn_12_1qb,P92ac03e2,Patrick Mahomes,QB,31,3072,2675,-0.129,66,81
dynasty|preset_dyn_12_1qb,P56a6e88c,Paul Richardson,WR,34.5,373,0,-1,301,
dynasty|preset_dyn_12_1qb,DEF_PHI,Philadelphia Eagles,DEF,,822,924,0.124,202,172
dynasty|preset_dyn_12_1qb,P1f0ff3e3,Philip Rivers,QB,44.8,299,0,-1,337,
dynasty|preset_dyn_12_1qb,P3ca80c9b,Phillip Dorsett,WR,33.7,1603,0,-1,127,
dynasty|preset_dyn_12_1qb,DEF_PIT,Pittsburgh Steelers,DEF,,598,598,0,232,219
dynasty|preset_dyn_12_1qb,P0df794fe,Puka Nacua,WR,25.3,8434,8271,-0.019,5,6
dynasty|preset_dyn_12_1qb,P5cf06c3c,Quentin Johnston,WR,25.1,2029,2631,0.297,107,83
dynasty|preset_dyn_12_1qb,Pd47511f7,Quinshon Judkins,RB,22.9,3624,3815,0.053,50,47
dynasty|preset_dyn_12_1qb,P1c849e29,Rachaad White,RB,27.7,944,909,-0.037,188,175
dynasty|preset_dyn_12_1qb,Pc24ed6fa,Raheim Sanders,RB,24.3,219,181,-0.174,384,342
dynasty|preset_dyn_12_1qb,P0bf55341,Rashee Rice,WR,26.4,4291,4569,0.065,34,37
dynasty|preset_dyn_12_1qb,P78626910,Rashid Shaheed,WR,28.1,828,993,0.199,201,163
dynasty|preset_dyn_12_1qb,Pc977ef0b,Rashod Bateman,WR,26.8,787,973,0.236,209,165
dynasty|preset_dyn_12_1qb,P64de1496,Ray Davis,RB,26.9,254,224,-0.118,362,320
dynasty|preset_dyn_12_1qb,Pd87e84a1,Rhamondre Stevenson,RB,28.6,1610,1492,-0.073,126,126
dynasty|preset_dyn_12_1qb,P4e6b95d6,Ricky Pearsall,WR,26.1,1658,1738,0.048,124,115
dynasty|preset_dyn_12_1qb,P77c8a14e,Rico Dowdle,RB,28.3,1200,1173,-0.022,161,146
dynasty|preset_dyn_12_1qb,Pce81d478,RJ Harvey,RB,25.7,2264,2181,-0.037,96,98
dynasty|preset_dyn_12_1qb,P433b975a,Robert Griffin III,QB,36.6,418,0,-1,289,
dynasty|preset_dyn_12_1qb,P599945bf,Robert Woods,WR,34.5,354,0,-1,307,
dynasty|preset_dyn_12_1qb,Pdcc948fb,Roman Wilson,WR,25.3,534,610,0.142,246,214
dynasty|preset_dyn_12_1qb,P596ba727,Rome Odunze,WR,24.3,2976,3766,0.265,70,51
dynasty|preset_dyn_12_1qb,Pba322f1b,Romeo Doubs,WR,26.5,1318,1739,0.319,148,114
dynasty|preset_dyn_12_1qb,Pb47e6c24,Ronald Jones,RB,29.2,1190,0,-1,163,
dynasty|preset_dyn_12_1qb,Pcba78cbf,Ryan Flournoy,WR,26.9,637,818,0.284,226,187
dynasty|preset_dyn_12_1qb,P46b2755f,Ryan Tannehill,QB,38.2,357,0,-1,306,
dynasty|preset_dyn_12_1qb,P2b725b86,Sam Darnold,QB,29.3,1007,1113,0.105,181,152
dynasty|preset_dyn_12_1qb,P09f5501b,Sam LaPorta,TE,25.7,2594,3261,0.257,82,63
dynasty|preset_dyn_12_1qb,DEF_SF,San Francisco 49ers,DEF,,268,235,-0.123,354,313
dynasty|preset_dyn_12_1qb,Pa477972f,Saquon Barkley,RB,29.6,3365,3793,0.127,57,49
dynasty|preset_dyn_12_1qb,DEF_SEA,Seattle Seahawks,DEF,,996,924,-0.072,183,171
dynasty|preset_dyn_12_1qb,Pfba83ae9,Seth McGowan,RB,24.9,222,234,0.054,382,314
dynasty|preset_dyn_12_1qb,P5e004aa6,Shedeur Sanders,QB,24.7,296,320,0.081,341,282
dynasty|preset_dyn_12_1qb,P9708ca96,Skyler Bell,WR,24.2,280,435,0.554,345,254
dynasty|preset_dyn_12_1qb,Pa377959c,Sony Michel,RB,31.6,1109,0,-1,172,
dynasty|preset_dyn_12_1qb,Pc448ad54,Spencer Shrader,K,27.4,438,342,-0.219,281,274
dynasty|preset_dyn_12_1qb,P712ab6b9,Stefon Diggs,WR,32.8,2020,2121,0.05,108,99
dynasty|preset_dyn_12_1qb,Pb08e37a5,T.J. Hockenson,TE,29.3,417,739,0.772,291,196
dynasty|preset_dyn_12_1qb,P61f2b2b2,Tank Bigsby,RB,25.1,414,496,0.198,293,241
dynasty|preset_dyn_12_1qb,Pc49d06b6,Tank Dell,WR,26.9,439,500,0.139,280,239
dynasty|preset_dyn_12_1qb,Pf2820e17,Ted Hurst,WR,22.3,1161,1521,0.31,167,124
dynasty|preset_dyn_12_1qb,Pb4147c68,Tee Higgins,WR,27.7,4052,4608,0.137,38,33
dynasty|preset_dyn_12_1qb,P66bd87b8,Terrace Marshall,WR,26.3,534,0,-1,245,
dynasty|preset_dyn_12_1qb,Pd581df7d,Terrance Ferguson,TE,23.6,817,1313,0.607,204,139
dynasty|preset_dyn_12_1qb,P5bcd9c0e,Terry McLaurin,WR,31,2396,2886,0.205,92,74
dynasty|preset_dyn_12_1qb,Pe245e57b,Tetairoa McMillan,WR,23.5,4587,5777,0.259,26,22
dynasty|preset_dyn_12_1qb,P1b8f469c,Tevin Coleman,RB,33.5,280,0,-1,347,
dynasty|preset_dyn_12_1qb,Pcbb1e814,Todd Gurley,RB,32.2,3871,0,-1,42,
dynasty|preset_dyn_12_1qb,P3097fb81,Tony Pollard,RB,29.4,1223,1071,-0.124,158,154
dynasty|preset_dyn_12_1qb,P61fbd3c4,Tory Horton,WR,23.8,304,588,0.934,327,222
dynasty|preset_dyn_12_1qb,Pdcb8314c,Travis Etienne,RB,27.7,2466,2577,0.045,88,85
dynasty|preset_dyn_12_1qb,Pd28657f2,Travis Hunter,WR,23.4,1289,1444,0.12,150,130
dynasty|preset_dyn_12_1qb,P6a097c76,Travis Kelce,TE,37,1383,1451,0.049,144,128
dynasty|preset_dyn_12_1qb,Pd5841e14,Tre Harris,WR,24.6,1284,1583,0.233,151,118
dynasty|preset_dyn_12_1qb,Pe3f5bdef,Tre Tucker,WR,25.6,1139,1239,0.088,169,142
dynasty|preset_dyn_12_1qb,Pd281dac4,TreVeyon Henderson,RB,23.9,3336,3669,0.1,58,57
dynasty|preset_dyn_12_1qb,Pdeb83472,Trevor Lawrence,QB,27,2868,2471,-0.138,72,88
dynasty|preset_dyn_12_1qb,Pe1733904,Trey Benson,RB,24.2,527,498,-0.055,248,240
dynasty|preset_dyn_12_1qb,P57ce3919,Trey McBride,TE,26.9,7163,7504,0.048,9,10
dynasty|preset_dyn_12_1qb,P01d93788,Trey Smack,K,23.2,512,441,-0.139,255,253
dynasty|preset_dyn_12_1qb,P6bdbe104,Troy Franklin,WR,23.7,428,673,0.572,284,203
dynasty|preset_dyn_12_1qb,P908047b8,Tua Tagovailoa,QB,28.6,299,194,-0.351,334,337
dynasty|preset_dyn_12_1qb,Pd5a19ea7,Tucker Kraft,TE,25.9,2149,3055,0.422,102,68
dynasty|preset_dyn_12_1qb,P34a80003,Ty Montgomery,RB,33.7,275,0,-1,352,
dynasty|preset_dyn_12_1qb,P3a38e432,Ty Simpson,QB,23.8,978,895,-0.085,184,177
dynasty|preset_dyn_12_1qb,P78edb013,Tyjae Spears,RB,25.3,663,670,0.011,221,204
dynasty|preset_dyn_12_1qb,Paf7d36cd,Tyler Allgeier,RB,26.5,732,742,0.014,213,194
dynasty|preset_dyn_12_1qb,P84cf718a,Tyler Bass,K,29.6,211,120,-0.431,395,378
dynasty|preset_dyn_12_1qb,Pf7815063,Tyler Boyd,WR,31.9,442,0,-1,278,
dynasty|preset_dyn_12_1qb,P6cfef3d3,Tyler Eifert,TE,36.1,254,0,-1,363,
dynasty|preset_dyn_12_1qb,P69b0c759,Tyler Loop,K,25.2,435,444,0.021,283,249
dynasty|preset_dyn_12_1qb,Pd9932eea,Tyler Shough,QB,27,1562,1572,0.006,131,121
dynasty|preset_dyn_12_1qb,Pde45df2f,Tyler Warren,TE,24.4,3166,4595,0.451,63,35
dynasty|preset_dyn_12_1qb,Pb9aed5d4,Tyquan Thornton,WR,26.2,333,495,0.486,318,242
dynasty|preset_dyn_12_1qb,P768b12ac,Tyreek Hill,WR,32.6,1408,1066,-0.243,142,155
dynasty|preset_dyn_12_1qb,P29351c6f,Tyrion Davis-Price,RB,25.9,256,0,-1,360,
dynasty|preset_dyn_12_1qb,P0d579da3,Tyrone Tracy,RB,26.9,353,342,-0.031,308,272
dynasty|preset_dyn_12_1qb,Pbcb11924,Wan'Dale Robinson,WR,25.7,2192,2602,0.187,100,84
dynasty|preset_dyn_12_1qb,P63901b97,Wil Lutz,K,32.2,276,311,0.127,351,283
dynasty|preset_dyn_12_1qb,Pf2136994,Will Fuller,WR,32.5,1741,0,-1,118,
dynasty|preset_dyn_12_1qb,Pc9a54b02,Will Reichard,K,25.7,462,451,-0.024,274,247
dynasty|preset_dyn_12_1qb,Pabb9c5f8,Woody Marks,RB,25.8,940,913,-0.029,189,174
dynasty|preset_dyn_12_1qb,P2ffb1664,Xavier Hutchinson,WR,26.3,311,388,0.248,324,264
dynasty|preset_dyn_12_1qb,P8b615e59,Xavier Legette,WR,25.7,335,484,0.445,317,244
dynasty|preset_dyn_12_1qb,Pf1c55aa7,Xavier Worthy,WR,23.4,1825,2306,0.264,114,95
dynasty|preset_dyn_12_1qb,Pf682d614,Zach Charbonnet,RB,25.7,1975,1842,-0.067,109,109
dynasty|preset_dyn_12_1qb,Pe681fb33,Zachariah Branch,WR,22.5,562,808,0.438,240,188
dynasty|preset_dyn_12_1qb,P08f54e88,Zay Flowers,WR,26.1,5539,6186,0.117,20,18
dynasty|preset_dyn_12_1qb,pick:2027:1,2027 1st,PICK,,2776,3161,0.139,,
dynasty|preset_dyn_12_1qb,pick:2027:1:early,2027 Early 1st,PICK,,4016,4542,0.131,,
dynasty|preset_dyn_12_1qb,pick:2027:1:mid,2027 Mid 1st,PICK,,2480,2942,0.186,,
dynasty|preset_dyn_12_1qb,pick:2027:1:late,2027 Late 1st,PICK,,1831,1998,0.091,,
dynasty|preset_dyn_12_1qb,pick:2027:1:1,2027 1.01,PICK,,4968,5456,0.098,,
dynasty|preset_dyn_12_1qb,pick:2027:1:2,2027 1.02,PICK,,4186,4665,0.114,,
dynasty|preset_dyn_12_1qb,pick:2027:1:3,2027 1.03,PICK,,3821,4310,0.128,,
dynasty|preset_dyn_12_1qb,pick:2027:1:4,2027 1.04,PICK,,3088,3736,0.21,,
dynasty|preset_dyn_12_1qb,pick:2027:1:5,2027 1.05,PICK,,2764,3411,0.234,,
dynasty|preset_dyn_12_1qb,pick:2027:1:6,2027 1.06,PICK,,2580,3098,0.201,,
dynasty|preset_dyn_12_1qb,pick:2027:1:7,2027 1.07,PICK,,2370,2767,0.168,,
dynasty|preset_dyn_12_1qb,pick:2027:1:8,2027 1.08,PICK,,2207,2493,0.13,,
dynasty|preset_dyn_12_1qb,pick:2027:1:9,2027 1.09,PICK,,2080,2315,0.113,,
dynasty|preset_dyn_12_1qb,pick:2027:1:10,2027 1.10,PICK,,1988,2145,0.079,,
dynasty|preset_dyn_12_1qb,pick:2027:1:11,2027 1.11,PICK,,1661,1825,0.099,,
dynasty|preset_dyn_12_1qb,pick:2027:1:12,2027 1.12,PICK,,1594,1707,0.071,,
dynasty|preset_dyn_12_1qb,pick:2027:2,2027 2nd,PICK,,1081,1066,-0.014,,
dynasty|preset_dyn_12_1qb,pick:2027:2:early,2027 Early 2nd,PICK,,1349,1388,0.029,,
dynasty|preset_dyn_12_1qb,pick:2027:2:mid,2027 Mid 2nd,PICK,,1038,1012,-0.025,,
dynasty|preset_dyn_12_1qb,pick:2027:2:late,2027 Late 2nd,PICK,,856,798,-0.068,,
dynasty|preset_dyn_12_1qb,pick:2027:2:1,2027 2.01,PICK,,1466,1593,0.087,,
dynasty|preset_dyn_12_1qb,pick:2027:2:2,2027 2.02,PICK,,1398,1486,0.063,,
dynasty|preset_dyn_12_1qb,pick:2027:2:3,2027 2.03,PICK,,1290,1280,-0.008,,
dynasty|preset_dyn_12_1qb,pick:2027:2:4,2027 2.04,PICK,,1243,1192,-0.041,,
dynasty|preset_dyn_12_1qb,pick:2027:2:5,2027 2.05,PICK,,1119,1106,-0.012,,
dynasty|preset_dyn_12_1qb,pick:2027:2:6,2027 2.06,PICK,,1056,1025,-0.029,,
dynasty|preset_dyn_12_1qb,pick:2027:2:7,2027 2.07,PICK,,1015,990,-0.025,,
dynasty|preset_dyn_12_1qb,pick:2027:2:8,2027 2.08,PICK,,964,926,-0.039,,
dynasty|preset_dyn_12_1qb,pick:2027:2:9,2027 2.09,PICK,,912,864,-0.053,,
dynasty|preset_dyn_12_1qb,pick:2027:2:10,2027 2.10,PICK,,873,804,-0.079,,
dynasty|preset_dyn_12_1qb,pick:2027:2:11,2027 2.11,PICK,,850,784,-0.078,,
dynasty|preset_dyn_12_1qb,pick:2027:2:12,2027 2.12,PICK,,789,738,-0.065,,
dynasty|preset_dyn_12_1qb,pick:2027:3,2027 3rd,PICK,,580,478,-0.176,,
dynasty|preset_dyn_12_1qb,pick:2027:3:early,2027 Early 3rd,PICK,,687,616,-0.103,,
dynasty|preset_dyn_12_1qb,pick:2027:3:mid,2027 Mid 3rd,PICK,,546,440,-0.194,,
dynasty|preset_dyn_12_1qb,pick:2027:3:late,2027 Late 3rd,PICK,,506,377,-0.255,,
dynasty|preset_dyn_12_1qb,pick:2027:3:1,2027 3.01,PICK,,755,694,-0.081,,
dynasty|preset_dyn_12_1qb,pick:2027:3:2,2027 3.02,PICK,,706,651,-0.078,,
dynasty|preset_dyn_12_1qb,pick:2027:3:3,2027 3.03,PICK,,690,627,-0.091,,
dynasty|preset_dyn_12_1qb,pick:2027:3:4,2027 3.04,PICK,,595,492,-0.173,,
dynasty|preset_dyn_12_1qb,pick:2027:3:5,2027 3.05,PICK,,576,470,-0.184,,
dynasty|preset_dyn_12_1qb,pick:2027:3:6,2027 3.06,PICK,,548,451,-0.177,,
dynasty|preset_dyn_12_1qb,pick:2027:3:7,2027 3.07,PICK,,539,437,-0.189,,
dynasty|preset_dyn_12_1qb,pick:2027:3:8,2027 3.08,PICK,,519,404,-0.222,,
dynasty|preset_dyn_12_1qb,pick:2027:3:9,2027 3.09,PICK,,515,393,-0.237,,
dynasty|preset_dyn_12_1qb,pick:2027:3:10,2027 3.10,PICK,,510,383,-0.249,,
dynasty|preset_dyn_12_1qb,pick:2027:3:11,2027 3.11,PICK,,505,374,-0.259,,
dynasty|preset_dyn_12_1qb,pick:2027:3:12,2027 3.12,PICK,,495,360,-0.273,,
dynasty|preset_dyn_12_1qb,pick:2027:4,2027 4th,PICK,,381,277,-0.273,,
dynasty|preset_dyn_12_1qb,pick:2027:4:early,2027 Early 4th,PICK,,447,333,-0.255,,
dynasty|preset_dyn_12_1qb,pick:2027:4:mid,2027 Mid 4th,PICK,,367,266,-0.275,,
dynasty|preset_dyn_12_1qb,pick:2027:4:late,2027 Late 4th,PICK,,328,232,-0.293,,
dynasty|preset_dyn_12_1qb,pick:2027:4:1,2027 4.01,PICK,,474,348,-0.266,,
dynasty|preset_dyn_12_1qb,pick:2027:4:2,2027 4.02,PICK,,459,335,-0.27,,
dynasty|preset_dyn_12_1qb,pick:2027:4:3,2027 4.03,PICK,,436,329,-0.245,,
dynasty|preset_dyn_12_1qb,pick:2027:4:4,2027 4.04,PICK,,418,321,-0.232,,
dynasty|preset_dyn_12_1qb,pick:2027:4:5,2027 4.05,PICK,,382,279,-0.27,,
dynasty|preset_dyn_12_1qb,pick:2027:4:6,2027 4.06,PICK,,370,271,-0.268,,
dynasty|preset_dyn_12_1qb,pick:2027:4:7,2027 4.07,PICK,,367,266,-0.275,,
dynasty|preset_dyn_12_1qb,pick:2027:4:8,2027 4.08,PICK,,350,248,-0.291,,
dynasty|preset_dyn_12_1qb,pick:2027:4:9,2027 4.09,PICK,,344,244,-0.291,,
dynasty|preset_dyn_12_1qb,pick:2027:4:10,2027 4.10,PICK,,331,231,-0.302,,
dynasty|preset_dyn_12_1qb,pick:2027:4:11,2027 4.11,PICK,,328,228,-0.305,,
dynasty|preset_dyn_12_1qb,pick:2027:4:12,2027 4.12,PICK,,309,226,-0.269,,
dynasty|preset_dyn_12_1qb,pick:2028:1,2028 1st,PICK,,2189,2458,0.123,,
dynasty|preset_dyn_12_1qb,pick:2028:1:early,2028 Early 1st,PICK,,3196,3556,0.113,,
dynasty|preset_dyn_12_1qb,pick:2028:1:mid,2028 Mid 1st,PICK,,1943,2282,0.174,,
dynasty|preset_dyn_12_1qb,pick:2028:1:late,2028 Late 1st,PICK,,1429,1535,0.074,,
dynasty|preset_dyn_12_1qb,pick:2028:1:1,2028 1.01,PICK,,4020,4341,0.08,,
dynasty|preset_dyn_12_1qb,pick:2028:1:2,2028 1.02,PICK,,3332,3645,0.094,,
dynasty|preset_dyn_12_1qb,pick:2028:1:3,2028 1.03,PICK,,3021,3352,0.11,,
dynasty|preset_dyn_12_1qb,pick:2028:1:4,2028 1.04,PICK,,2409,2889,0.199,,
dynasty|preset_dyn_12_1qb,pick:2028:1:5,2028 1.05,PICK,,2157,2645,0.226,,
dynasty|preset_dyn_12_1qb,pick:2028:1:6,2028 1.06,PICK,,2029,2413,0.189,,
dynasty|preset_dyn_12_1qb,pick:2028:1:7,2028 1.07,PICK,,1856,2147,0.157,,
dynasty|preset_dyn_12_1qb,pick:2028:1:8,2028 1.08,PICK,,1728,1926,0.115,,
dynasty|preset_dyn_12_1qb,pick:2028:1:9,2028 1.09,PICK,,1631,1789,0.097,,
dynasty|preset_dyn_12_1qb,pick:2028:1:10,2028 1.10,PICK,,1566,1659,0.059,,
dynasty|preset_dyn_12_1qb,pick:2028:1:11,2028 1.11,PICK,,1284,1392,0.084,,
dynasty|preset_dyn_12_1qb,pick:2028:1:12,2028 1.12,PICK,,1234,1300,0.053,,
dynasty|preset_dyn_12_1qb,pick:2028:2,2028 2nd,PICK,,866,833,-0.038,,
dynasty|preset_dyn_12_1qb,pick:2028:2:early,2028 Early 2nd,PICK,,1081,1086,0.005,,
dynasty|preset_dyn_12_1qb,pick:2028:2:mid,2028 Mid 2nd,PICK,,830,788,-0.051,,
dynasty|preset_dyn_12_1qb,pick:2028:2:late,2028 Late 2nd,PICK,,687,624,-0.092,,
dynasty|preset_dyn_12_1qb,pick:2028:2:1,2028 2.01,PICK,,1175,1252,0.066,,
dynasty|preset_dyn_12_1qb,pick:2028:2:2,2028 2.02,PICK,,1122,1168,0.041,,
dynasty|preset_dyn_12_1qb,pick:2028:2:3,2028 2.03,PICK,,1032,996,-0.035,,
dynasty|preset_dyn_12_1qb,pick:2028:2:4,2028 2.04,PICK,,997,928,-0.069,,
dynasty|preset_dyn_12_1qb,pick:2028:2:5,2028 2.05,PICK,,893,862,-0.035,,
dynasty|preset_dyn_12_1qb,pick:2028:2:6,2028 2.06,PICK,,845,799,-0.054,,
dynasty|preset_dyn_12_1qb,pick:2028:2:7,2028 2.07,PICK,,810,769,-0.051,,
dynasty|preset_dyn_12_1qb,pick:2028:2:8,2028 2.08,PICK,,770,721,-0.064,,
dynasty|preset_dyn_12_1qb,pick:2028:2:9,2028 2.09,PICK,,730,675,-0.075,,
dynasty|preset_dyn_12_1qb,pick:2028:2:10,2028 2.10,PICK,,700,630,-0.1,,
dynasty|preset_dyn_12_1qb,pick:2028:2:11,2028 2.11,PICK,,683,613,-0.102,,
dynasty|preset_dyn_12_1qb,pick:2028:2:12,2028 2.12,PICK,,634,578,-0.088,,
dynasty|preset_dyn_12_1qb,pick:2028:3,2028 3rd,PICK,,520,421,-0.19,,
dynasty|preset_dyn_12_1qb,pick:2028:3:early,2028 Early 3rd,PICK,,615,542,-0.119,,
dynasty|preset_dyn_12_1qb,pick:2028:3:mid,2028 Mid 3rd,PICK,,490,388,-0.208,,
dynasty|preset_dyn_12_1qb,pick:2028:3:late,2028 Late 3rd,PICK,,454,332,-0.269,,
dynasty|preset_dyn_12_1qb,pick:2028:3:1,2028 3.01,PICK,,676,610,-0.098,,
dynasty|preset_dyn_12_1qb,pick:2028:3:2,2028 3.02,PICK,,631,573,-0.092,,
dynasty|preset_dyn_12_1qb,pick:2028:3:3,2028 3.03,PICK,,618,552,-0.107,,
dynasty|preset_dyn_12_1qb,pick:2028:3:4,2028 3.04,PICK,,534,433,-0.189,,
dynasty|preset_dyn_12_1qb,pick:2028:3:5,2028 3.05,PICK,,517,414,-0.199,,
dynasty|preset_dyn_12_1qb,pick:2028:3:6,2028 3.06,PICK,,492,397,-0.193,,
dynasty|preset_dyn_12_1qb,pick:2028:3:7,2028 3.07,PICK,,484,384,-0.207,,
dynasty|preset_dyn_12_1qb,pick:2028:3:8,2028 3.08,PICK,,466,356,-0.236,,
dynasty|preset_dyn_12_1qb,pick:2028:3:9,2028 3.09,PICK,,462,346,-0.251,,
dynasty|preset_dyn_12_1qb,pick:2028:3:10,2028 3.10,PICK,,458,337,-0.264,,
dynasty|preset_dyn_12_1qb,pick:2028:3:11,2028 3.11,PICK,,453,329,-0.274,,
dynasty|preset_dyn_12_1qb,pick:2028:3:12,2028 3.12,PICK,,444,317,-0.286,,
dynasty|preset_dyn_12_1qb,pick:2028:4,2028 4th,PICK,,349,254,-0.272,,
dynasty|preset_dyn_12_1qb,pick:2028:4:early,2028 Early 4th,PICK,,409,304,-0.257,,
dynasty|preset_dyn_12_1qb,pick:2028:4:mid,2028 Mid 4th,PICK,,337,244,-0.276,,
dynasty|preset_dyn_12_1qb,pick:2028:4:late,2028 Late 4th,PICK,,302,214,-0.291,,
dynasty|preset_dyn_12_1qb,pick:2028:4:1,2028 4.01,PICK,,433,317,-0.268,,
dynasty|preset_dyn_12_1qb,pick:2028:4:2,2028 4.02,PICK,,419,306,-0.27,,
dynasty|preset_dyn_12_1qb,pick:2028:4:3,2028 4.03,PICK,,399,300,-0.248,,
dynasty|preset_dyn_12_1qb,pick:2028:4:4,2028 4.04,PICK,,383,293,-0.235,,
dynasty|preset_dyn_12_1qb,pick:2028:4:5,2028 4.05,PICK,,350,256,-0.269,,
dynasty|preset_dyn_12_1qb,pick:2028:4:6,2028 4.06,PICK,,340,249,-0.268,,
dynasty|preset_dyn_12_1qb,pick:2028:4:7,2028 4.07,PICK,,337,244,-0.276,,
dynasty|preset_dyn_12_1qb,pick:2028:4:8,2028 4.08,PICK,,322,229,-0.289,,
dynasty|preset_dyn_12_1qb,pick:2028:4:9,2028 4.09,PICK,,316,225,-0.288,,
dynasty|preset_dyn_12_1qb,pick:2028:4:10,2028 4.10,PICK,,305,213,-0.302,,
dynasty|preset_dyn_12_1qb,pick:2028:4:11,2028 4.11,PICK,,302,211,-0.301,,
dynasty|preset_dyn_12_1qb,pick:2028:4:12,2028 4.12,PICK,,285,209,-0.267,,
dynasty|preset_dyn_12_1qb,pick:2029:1,2029 1st,PICK,,1930,2138,0.108,,
dynasty|preset_dyn_12_1qb,pick:2029:1:early,2029 Early 1st,PICK,,2836,3089,0.089,,
dynasty|preset_dyn_12_1qb,pick:2029:1:mid,2029 Mid 1st,PICK,,1698,1977,0.164,,
dynasty|preset_dyn_12_1qb,pick:2029:1:late,2029 Late 1st,PICK,,1255,1347,0.073,,
dynasty|preset_dyn_12_1qb,pick:2029:1:1,2029 1.01,PICK,,3565,3778,0.06,,
dynasty|preset_dyn_12_1qb,pick:2029:1:2,2029 1.02,PICK,,2959,3165,0.07,,
dynasty|preset_dyn_12_1qb,pick:2029:1:3,2029 1.03,PICK,,2688,2910,0.083,,
dynasty|preset_dyn_12_1qb,pick:2029:1:4,2029 1.04,PICK,,2133,2503,0.173,,
dynasty|preset_dyn_12_1qb,pick:2029:1:5,2029 1.05,PICK,,1894,2289,0.209,,
dynasty|preset_dyn_12_1qb,pick:2029:1:6,2029 1.06,PICK,,1764,2085,0.182,,
dynasty|preset_dyn_12_1qb,pick:2029:1:7,2029 1.07,PICK,,1624,1861,0.146,,
dynasty|preset_dyn_12_1qb,pick:2029:1:8,2029 1.08,PICK,,1511,1673,0.107,,
dynasty|preset_dyn_12_1qb,pick:2029:1:9,2029 1.09,PICK,,1424,1560,0.096,,
dynasty|preset_dyn_12_1qb,pick:2029:1:10,2029 1.10,PICK,,1365,1452,0.064,,
dynasty|preset_dyn_12_1qb,pick:2029:1:11,2029 1.11,PICK,,1133,1225,0.081,,
dynasty|preset_dyn_12_1qb,pick:2029:1:12,2029 1.12,PICK,,1097,1151,0.049,,
dynasty|preset_dyn_12_1qb,pick:2029:2,2029 2nd,PICK,,780,739,-0.053,,
dynasty|preset_dyn_12_1qb,pick:2029:2:early,2029 Early 2nd,PICK,,971,959,-0.012,,
dynasty|preset_dyn_12_1qb,pick:2029:2:mid,2029 Mid 2nd,PICK,,750,704,-0.061,,
dynasty|preset_dyn_12_1qb,pick:2029:2:late,2029 Late 2nd,PICK,,619,553,-0.107,,
dynasty|preset_dyn_12_1qb,pick:2029:2:1,2029 2.01,PICK,,1045,1098,0.051,,
dynasty|preset_dyn_12_1qb,pick:2029:2:2,2029 2.02,PICK,,1007,1031,0.024,,
dynasty|preset_dyn_12_1qb,pick:2029:2:3,2029 2.03,PICK,,933,884,-0.053,,
dynasty|preset_dyn_12_1qb,pick:2029:2:4,2029 2.04,PICK,,899,823,-0.085,,
dynasty|preset_dyn_12_1qb,pick:2029:2:5,2029 2.05,PICK,,806,765,-0.051,,
dynasty|preset_dyn_12_1qb,pick:2029:2:6,2029 2.06,PICK,,761,710,-0.067,,
dynasty|preset_dyn_12_1qb,pick:2029:2:7,2029 2.07,PICK,,736,695,-0.056,,
dynasty|preset_dyn_12_1qb,pick:2029:2:8,2029 2.08,PICK,,698,646,-0.074,,
dynasty|preset_dyn_12_1qb,pick:2029:2:9,2029 2.09,PICK,,659,600,-0.09,,
dynasty|preset_dyn_12_1qb,pick:2029:2:10,2029 2.10,PICK,,629,554,-0.119,,
dynasty|preset_dyn_12_1qb,pick:2029:2:11,2029 2.11,PICK,,616,546,-0.114,,
dynasty|preset_dyn_12_1qb,pick:2029:2:12,2029 2.12,PICK,,571,511,-0.105,,
dynasty|preset_dyn_12_1qb,pick:2029:3,2029 3rd,PICK,,552,456,-0.174,,
dynasty|preset_dyn_12_1qb,pick:2029:3:early,2029 Early 3rd,PICK,,637,568,-0.108,,
dynasty|preset_dyn_12_1qb,pick:2029:3:mid,2029 Mid 3rd,PICK,,525,426,-0.189,,
dynasty|preset_dyn_12_1qb,pick:2029:3:late,2029 Late 3rd,PICK,,494,375,-0.241,,
dynasty|preset_dyn_12_1qb,pick:2029:3:1,2029 3.01,PICK,,695,640,-0.079,,
dynasty|preset_dyn_12_1qb,pick:2029:3:2,2029 3.02,PICK,,646,592,-0.084,,
dynasty|preset_dyn_12_1qb,pick:2029:3:3,2029 3.03,PICK,,641,572,-0.108,,
dynasty|preset_dyn_12_1qb,pick:2029:3:4,2029 3.04,PICK,,566,466,-0.177,,
dynasty|preset_dyn_12_1qb,pick:2029:3:5,2029 3.05,PICK,,549,449,-0.182,,
dynasty|preset_dyn_12_1qb,pick:2029:3:6,2029 3.06,PICK,,526,433,-0.177,,
dynasty|preset_dyn_12_1qb,pick:2029:3:7,2029 3.07,PICK,,520,423,-0.187,,
dynasty|preset_dyn_12_1qb,pick:2029:3:8,2029 3.08,PICK,,505,397,-0.214,,
dynasty|preset_dyn_12_1qb,pick:2029:3:9,2029 3.09,PICK,,501,387,-0.228,,
dynasty|preset_dyn_12_1qb,pick:2029:3:10,2029 3.10,PICK,,498,379,-0.239,,
dynasty|preset_dyn_12_1qb,pick:2029:3:11,2029 3.11,PICK,,493,373,-0.243,,
dynasty|preset_dyn_12_1qb,pick:2029:3:12,2029 3.12,PICK,,482,361,-0.251,,
dynasty|preset_dyn_12_1qb,pick:2029:4,2029 4th,PICK,,410,323,-0.212,,
dynasty|preset_dyn_12_1qb,pick:2029:4:early,2029 Early 4th,PICK,,468,369,-0.212,,
dynasty|preset_dyn_12_1qb,pick:2029:4:mid,2029 Mid 4th,PICK,,396,313,-0.21,,
dynasty|preset_dyn_12_1qb,pick:2029:4:late,2029 Late 4th,PICK,,365,287,-0.214,,
dynasty|preset_dyn_12_1qb,pick:2029:4:1,2029 4.01,PICK,,494,382,-0.227,,
dynasty|preset_dyn_12_1qb,pick:2029:4:2,2029 4.02,PICK,,478,370,-0.226,,
dynasty|preset_dyn_12_1qb,pick:2029:4:3,2029 4.03,PICK,,459,367,-0.2,,
dynasty|preset_dyn_12_1qb,pick:2029:4:4,2029 4.04,PICK,,441,359,-0.186,,
dynasty|preset_dyn_12_1qb,pick:2029:4:5,2029 4.05,PICK,,409,325,-0.205,,
dynasty|preset_dyn_12_1qb,pick:2029:4:6,2029 4.06,PICK,,396,317,-0.199,,
dynasty|preset_dyn_12_1qb,pick:2029:4:7,2029 4.07,PICK,,395,312,-0.21,,
dynasty|preset_dyn_12_1qb,pick:2029:4:8,2029 4.08,PICK,,382,299,-0.217,,
dynasty|preset_dyn_12_1qb,pick:2029:4:9,2029 4.09,PICK,,377,296,-0.215,,
dynasty|preset_dyn_12_1qb,pick:2029:4:10,2029 4.10,PICK,,367,286,-0.221,,
dynasty|preset_dyn_12_1qb,pick:2029:4:11,2029 4.11,PICK,,365,284,-0.222,,
dynasty|preset_dyn_12_1qb,pick:2029:4:12,2029 4.12,PICK,,352,284,-0.193,,
dynasty|preset_dyn_12_1qb,P5b8d1915,Andre Szmyt,K,28,0,116,,,380
dynasty|preset_dyn_12_1qb,P30fb17f7,Andrei Iosivas,WR,27,0,206,,,333
dynasty|preset_dyn_12_1qb,DEF_ATL,Atlanta Falcons,DEF,,0,178,,,345
dynasty|preset_dyn_12_1qb,Pbde6516b,Bam Knight,RB,25.5,0,140,,,364
dynasty|preset_dyn_12_1qb,P75899815,Barion Brown,WR,22.8,0,198,,,336
dynasty|preset_dyn_12_1qb,P3c36a8c1,Brenen Thompson,WR,23.2,0,261,,,302
dynasty|preset_dyn_12_1qb,Pb81482b4,Cam Akers,RB,27.3,0,148,,,359
dynasty|preset_dyn_12_1qb,DEF_CAR,Carolina Panthers,DEF,,0,139,,,365
dynasty|preset_dyn_12_1qb,Pce9d1674,Cedric Tillman,WR,26.5,0,301,,,286
dynasty|preset_dyn_12_1qb,Pdff5b7a3,Chad Ryland,K,27,0,129,,,373
dynasty|preset_dyn_12_1qb,Pa7d863b9,Charlie Smyth,K,25.3,0,99,,,393
dynasty|preset_dyn_12_1qb,P38e9db6e,Chris Brooks,RB,26.7,0,157,,,354
dynasty|preset_dyn_12_1qb,Pde2558cc,CJ Daniels,WR,24.7,0,148,,,357
dynasty|preset_dyn_12_1qb,P757ccc22,Colbie Young,WR,24.2,0,207,,,331
dynasty|preset_dyn_12_1qb,P0478af8f,Colby Parkinson,TE,27.7,0,128,,,374
dynasty|preset_dyn_12_1qb,DEF_DAL,Dallas Cowboys,DEF,,0,141,,,363
dynasty|preset_dyn_12_1qb,P2eda84cd,Darius Slayton,WR,29.7,0,199,,,335
dynasty|preset_dyn_12_1qb,P66f2ba91,Darnell Washington,TE,25.1,0,136,,,367
dynasty|preset_dyn_12_1qb,P9cae5237,David Njoku,TE,30.2,0,127,,,375
dynasty|preset_dyn_12_1qb,Pfc04521e,DeAndre Hopkins,WR,34.3,0,147,,,361
dynasty|preset_dyn_12_1qb,P0e5a08f4,Demarcus Robinson,WR,32,0,150,,,356
dynasty|preset_dyn_12_1qb,P1f3d931a,Devin Neal,RB,23.1,0,130,,,371
dynasty|preset_dyn_12_1qb,P2995b1e5,Devin Singletary,RB,29.1,0,123,,,377
dynasty|preset_dyn_12_1qb,Pede168a4,Devontez Walker,WR,25.3,0,134,,,370
dynasty|preset_dyn_12_1qb,Pe13917f5,DJ Giddens,RB,23.1,0,110,,,386
dynasty|preset_dyn_12_1qb,Padb9c91e,Dont'e Thornton,WR,23.8,0,105,,,388
dynasty|preset_dyn_12_1qb,P17fcc9b6,Eli Heidenreich,RB,23.3,0,148,,,358
dynasty|preset_dyn_12_1qb,Pc781c973,Elijah Arroyo,TE,23.5,0,210,,,329
dynasty|preset_dyn_12_1qb,P98ae4beb,Evan Engram,TE,32.1,0,161,,,353
dynasty|preset_dyn_12_1qb,Pf2e167d5,Gabriel Davis,WR,27.5,0,220,,,322
dynasty|preset_dyn_12_1qb,Pafc2aa02,George Holani,RB,26.8,0,213,,,327
dynasty|preset_dyn_12_1qb,P4cd5e10d,Hunter Renfrow,WR,30.8,0,125,,,376
dynasty|preset_dyn_12_1qb,Pd2750ed1,Isaiah Bond,WR,22.6,0,168,,,351
dynasty|preset_dyn_12_1qb,P529dd3e8,Isaiah Williams,WR,25.7,0,137,,,366
dynasty|preset_dyn_12_1qb,P5ace3dd2,Jahan Dotson,WR,26.5,0,238,,,311
dynasty|preset_dyn_12_1qb,P7fbc6428,Jake Elliott,K,31.7,0,184,,,339
dynasty|preset_dyn_12_1qb,Pe2f5bc5c,Jake Moody,K,26.9,0,101,,,391
dynasty|preset_dyn_12_1qb,P57fbc406,Jalen Royals,WR,23.6,0,268,,,296
dynasty|preset_dyn_12_1qb,P671e1a92,Jalen Tolbert,WR,27.6,0,135,,,369
dynasty|preset_dyn_12_1qb,P9a94795f,James Conner,RB,31.4,0,176,,,346
dynasty|preset_dyn_12_1qb,Pd5e0b3e3,Jarquez Hunter,RB,23.8,0,92,,,399
dynasty|preset_dyn_12_1qb,Pc59003b3,Jason Sanders,K,30.9,0,218,,,324
dynasty|preset_dyn_12_1qb,Pb0b9cdd7,Jaydon Blue,RB,22.7,0,209,,,330
dynasty|preset_dyn_12_1qb,P672f63b3,John Metchie,WR,26.2,0,107,,,387
dynasty|preset_dyn_12_1qb,Pe3391b1b,Jordan James,RB,22.5,0,179,,,343
dynasty|preset_dyn_12_1qb,P58d783b9,Jordan Whittington,WR,26,0,100,,,392
dynasty|preset_dyn_12_1qb,Pf2a3af90,Josh Cameron,WR,23.5,0,238,,,312
dynasty|preset_dyn_12_1qb,P57d78226,Joshua Karty,K,24.6,0,325,,,281
dynasty|preset_dyn_12_1qb,P1ea6d018,JuJu Smith-Schuster,WR,29.9,0,119,,,379
dynasty|preset_dyn_12_1qb,P36e7078c,Justice Hill,RB,28.9,0,183,,,341
dynasty|preset_dyn_12_1qb,Pbb2ff217,KaVontae Turpin,WR,30.2,0,92,,,397
dynasty|preset_dyn_12_1qb,P662d1d61,KeAndre Lambert-Smith,WR,25,0,92,,,398
dynasty|preset_dyn_12_1qb,P9c08d275,Kendrick Law,WR,23.3,0,166,,,352
dynasty|preset_dyn_12_1qb,P19758ee6,Kevin Austin,WR,26.5,0,97,,,394
dynasty|preset_dyn_12_1qb,P97450bc7,LeQuint Allen,RB,22.2,0,94,,,395
dynasty|preset_dyn_12_1qb,P205e7751,Luke McCaffrey,WR,25.5,0,112,,,383
dynasty|preset_dyn_12_1qb,P58cfd5ec,Marquise Brown,WR,29.3,0,265,,,298
dynasty|preset_dyn_12_1qb,Pd481ddea,Mason Taylor,TE,22.4,0,384,,,266
dynasty|preset_dyn_12_1qb,P0dca3fe2,Matthew Hibner,TE,24.6,0,135,,,368
dynasty|preset_dyn_12_1qb,Pb4406005,Max Klare,TE,23.2,0,262,,,300
dynasty|preset_dyn_12_1qb,P65ac3d04,Michael Carter,RB,27.4,0,206,,,332
dynasty|preset_dyn_12_1qb,P26936e95,Miles Sanders,RB,29.4,0,327,,,279
dynasty|preset_dyn_12_1qb,DEF_NO,New Orleans Saints,DEF,,0,179,,,344
dynasty|preset_dyn_12_1qb,DEF_NYG,New York Giants,DEF,,0,141,,,362
dynasty|preset_dyn_12_1qb,Pd2ca85cc,Noah Fant,TE,28.9,0,101,,,389
dynasty|preset_dyn_12_1qb,Pe981ffec,Oscar Delp,TE,23.2,0,273,,,294
dynasty|preset_dyn_12_1qb,Pc582e3e6,Riley Patterson,K,27.1,0,217,,,325
dynasty|preset_dyn_12_1qb,P62fbd557,Robbie Ouzts,RB,24.1,0,172,,,349
dynasty|preset_dyn_12_1qb,P279c131b,Samaje Perine,RB,31,0,92,,,400
dynasty|preset_dyn_12_1qb,Pf4a95365,Savion Williams,WR,24.9,0,170,,,350
dynasty|preset_dyn_12_1qb,P5a97e2aa,Sean Tucker,RB,24.9,0,174,,,348
dynasty|preset_dyn_12_1qb,Pc9bffeaf,Sterling Shepard,WR,33.6,0,211,,,328
dynasty|preset_dyn_12_1qb,Pe0349934,Tai Felton,WR,23.6,0,110,,,385
dynasty|preset_dyn_12_1qb,DEF_TB,Tampa Bay Buccaneers,DEF,,0,147,,,360
dynasty|preset_dyn_12_1qb,P8c44fa76,Tez Johnson,WR,24.4,0,248,,,307
dynasty|preset_dyn_12_1qb,P59ce3c3f,Treylon Burks,WR,26.5,0,115,,,381
dynasty|preset_dyn_12_1qb,P4c7b69a6,Tutu Atwell,WR,27,0,130,,,372
dynasty|preset_dyn_12_1qb,Pb9148447,Van Jefferson,WR,30.2,0,183,,,340
dynasty|preset_dyn_12_1qb,DEF_WAS,Washington Commanders,DEF,,0,112,,,384
dynasty|preset_dyn_12_1qb,Pe57fbb09,Zavion Thomas,WR,22.6,0,259,,,304
dynasty|preset_dyn_12_1qb,P1cb15a4e,Zay Jones,WR,31.5,0,174,,,347
dynasty|preset_dyn_12_sf,P66d22a8d,A.J. Brown,WR,29.3,3362,3948,0.174,73,71
dynasty|preset_dyn_12_sf,Pbd1131ae,A.J. Green,WR,38.2,2297,0,-1,116,
dynasty|preset_dyn_12_sf,Pd3dbd292,Aaron Jones,RB,31.8,1145,1051,-0.082,191,181
dynasty|preset_dyn_12_sf,Pdec5ace5,Aaron Rodgers,QB,42.8,1794,2777,0.548,141,105
dynasty|preset_dyn_12_sf,P0cd70a42,Adam Randall,RB,22.2,216,181,-0.162,388,352
dynasty|preset_dyn_12_sf,Pedc5545b,Adonai Mitchell,WR,24,1460,1633,0.118,164,145
dynasty|preset_dyn_12_sf,P97280be1,Adrian Peterson,RB,41.5,1198,0,-1,188,
dynasty|preset_dyn_12_sf,Peee16a37,AJ Barner,TE,24.4,641,865,0.349,250,199
dynasty|preset_dyn_12_sf,P651e176c,Alec Pierce,WR,26.4,2200,2635,0.198,120,110
dynasty|preset_dyn_12_sf,P4fcadbf6,Alex Smith,QB,42.4,1258,0,-1,182,
dynasty|preset_dyn_12_sf,P858d1f04,Allen Robinson,WR,33.1,393,0,-1,316,
dynasty|preset_dyn_12_sf,P7a4484a8,Alshon Jeffery,WR,36.6,283,0,-1,352,
dynasty|preset_dyn_12_sf,P0c32190d,Alvin Kamara,RB,31.2,629,502,-0.202,251,257
dynasty|preset_dyn_12_sf,Pfd2105c1,Amari Cooper,WR,32.3,3758,0,-1,59,
dynasty|preset_dyn_12_sf,Pdcb5f2b5,Amon-Ra St. Brown,WR,26.9,8244,7932,-0.038,7,10
dynasty|preset_dyn_12_sf,P1d3d8ff4,Andres Borregales,K,24.7,213,261,0.225,395,318
dynasty|preset_dyn_12_sf,P2cdcc03e,Andy Isabella,WR,29.9,455,0,-1,291,
dynasty|preset_dyn_12_sf,P8df8e3ca,Anthony Miller,WR,32,415,0,-1,313,
dynasty|preset_dyn_12_sf,Pf782d7a7,Anthony Richardson,QB,24.4,1814,1954,0.077,138,133
dynasty|preset_dyn_12_sf,Pea82017f,Antonio Williams,WR,22.2,1343,1936,0.442,173,134
dynasty|preset_dyn_12_sf,Pe845eeed,Ashton Jeanty,RB,22.8,7163,8041,0.123,10,9
dynasty|preset_dyn_12_sf,P3774ad01,Baker Mayfield,QB,31.5,2785,4311,0.548,90,60
dynasty|preset_dyn_12_sf,DEF_BAL,Baltimore Ravens,DEF,,613,523,-0.147,254,252
dynasty|preset_dyn_12_sf,Pa11e3813,Ben Roethlisberger,QB,44.6,1258,0,-1,183,
dynasty|preset_dyn_12_sf,Pd3865985,Bhayshul Tuten,RB,23.6,2741,2623,-0.043,94,111
dynasty|preset_dyn_12_sf,P5af06916,Bijan Robinson,RB,24.7,10514,9968,-0.052,3,5
dynasty|preset_dyn_12_sf,Pb31121f0,Blaine Gabbert,QB,37,1620,0,-1,149,
dynasty|preset_dyn_12_sf,P8c91a737,Blake Bortles,QB,34.8,2047,0,-1,129,
dynasty|preset_dyn_12_sf,Pdbc94768,Blake Corum,RB,25.9,1498,1730,0.155,160,141
dynasty|preset_dyn_12_sf,Pd5c93df6,Bo Nix,QB,26.6,3943,5523,0.401,52,33
dynasty|preset_dyn_12_sf,Pebe1657e,Braelon Allen,RB,22.7,703,747,0.063,243,216
dynasty|preset_dyn_12_sf,P9373807e,Brandon Aiyuk,WR,28.5,1068,315,-0.705,204,307
dynasty|preset_dyn_12_sf,P7d430e0d,Brandon Aubrey,K,31.6,815,839,0.029,230,202
dynasty|preset_dyn_12_sf,P41b4291a,Breece Hall,RB,25.3,4308,4336,0.006,38,59
dynasty|preset_dyn_12_sf,Pd2928f64,Brenton Strange,TE,25.8,954,1176,0.233,216,171
dynasty|preset_dyn_12_sf,P1f8f4ce8,Breshad Perriman,WR,33.1,1656,0,-1,146,
dynasty|preset_dyn_12_sf,P55ce35f3,Brian Robinson,RB,27.5,444,463,0.043,295,264
dynasty|preset_dyn_12_sf,Peec555ee,Brian Thomas Jr.,WR,24,2198,2956,0.345,121,98
dynasty|preset_dyn_12_sf,P9763afd4,Brock Bowers,TE,23.8,7310,8069,0.104,8,8
dynasty|preset_dyn_12_sf,P28375973,Brock Purdy,QB,26.8,5453,6192,0.136,24,24
dynasty|preset_dyn_12_sf,P777ccf48,Bryce Lance,WR,24.1,374,454,0.214,322,266
dynasty|preset_dyn_12_sf,P617b2fc0,Bryce Young,QB,25.2,3639,4809,0.322,65,46
dynasty|preset_dyn_12_sf,P1c5c326e,Bucky Irving,RB,24.1,3714,3579,-0.036,62,83
dynasty|preset_dyn_12_sf,DEF_BUF,Buffalo Bills,DEF,,238,234,-0.017,375,328
dynasty|preset_dyn_12_sf,Pc7c23a20,C.J. Prosise,RB,32.4,233,0,-1,378,
dynasty|preset_dyn_12_sf,Pf482d2ee,C.J. Stroud,QB,25,3194,4551,0.425,79,50
dynasty|preset_dyn_12_sf,Pe67fbc9c,Cade Klubnik,QB,23,649,1058,0.63,248,179
dynasty|preset_dyn_12_sf,P3ab41e15,Cade Otton,TE,27.5,351,419,0.194,327,277
dynasty|preset_dyn_12_sf,Peaae8d4d,Cairo Santos,K,34.9,304,304,0,344,312
dynasty|preset_dyn_12_sf,P39436ffb,Caleb Douglas,WR,23.1,1096,1243,0.134,200,169
dynasty|preset_dyn_12_sf,P586ba594,Caleb Williams,QB,24.9,5540,6871,0.24,22,14
dynasty|preset_dyn_12_sf,P29375b06,Calvin Austin III,WR,27.5,222,219,-0.014,385,330
dynasty|preset_dyn_12_sf,Pa579d759,Calvin Ridley,WR,31.8,244,324,0.328,372,306
dynasty|preset_dyn_12_sf,Pcea552e1,Cam Little,K,23.1,547,603,0.102,265,235
dynasty|preset_dyn_12_sf,Pbc22793c,Cam Newton,QB,37.4,1563,0,-1,156,
dynasty|preset_dyn_12_sf,Pd7865fd1,Cam Skattebo,RB,24.7,3101,3097,-0.001,81,96
dynasty|preset_dyn_12_sf,Pea0365a1,Cam Ward,QB,24.4,2441,4063,0.664,108,65
dynasty|preset_dyn_12_sf,P18734ebc,Cameron Dicker,K,26.4,540,593,0.098,267,238
dynasty|preset_dyn_12_sf,Pa40b1da4,Carnell Tate,WR,21.7,3930,5027,0.279,53,40
dynasty|preset_dyn_12_sf,P4338f25d,Carson Beck,QB,24.9,907,1994,1.198,220,130
dynasty|preset_dyn_12_sf,P4a520e7b,Carson Wentz,QB,33.8,1346,1452,0.079,172,151
dynasty|preset_dyn_12_sf,P1f2f863d,Case Keenum,QB,38.6,1028,1217,0.184,208,170
dynasty|preset_dyn_12_sf,P9ea67c69,CeeDee Lamb,WR,27.5,6770,6936,0.025,11,13
dynasty|preset_dyn_12_sf,P6010c4a0,Chase Brown,RB,26.5,4510,4411,-0.022,35,56
dynasty|preset_dyn_12_sf,P1427b1e6,Chase McLaughlin,K,30.5,328,367,0.119,336,291
dynasty|preset_dyn_12_sf,Pb32fe57f,Chigoziem Okonkwo,TE,27.1,436,577,0.323,300,241
dynasty|preset_dyn_12_sf,P4389486c,Chimere Dike,WR,24.8,235,271,0.153,377,317
dynasty|preset_dyn_12_sf,P3f43796d,Chris Bell,WR,22.3,1183,1670,0.412,189,144
dynasty|preset_dyn_12_sf,Pacb49f84,Chris Boswell,K,35.6,350,402,0.149,328,284
dynasty|preset_dyn_12_sf,Pe781fcc6,Chris Brazzell II,WR,22.9,517,704,0.362,271,223
dynasty|preset_dyn_12_sf,Pf92d7df6,Chris Godwin,WR,30.6,1199,1361,0.135,187,157
dynasty|preset_dyn_12_sf,P21759b7e,Chris Olave,WR,26.3,6659,6651,-0.001,13,17
dynasty|preset_dyn_12_sf,P28fb0b5f,Chris Rodriguez,RB,26,471,464,-0.015,285,262
dynasty|preset_dyn_12_sf,Pccd988f6,Christian McCaffrey,RB,30.3,5473,5023,-0.082,23,41
dynasty|preset_dyn_12_sf,P3db422ce,Christian Watson,WR,27.4,4534,4678,0.032,34,47
dynasty|preset_dyn_12_sf,Pcc77f3c4,Chuba Hubbard,RB,27.3,2536,2372,-0.065,102,120
dynasty|preset_dyn_12_sf,DEF_CLE,Cleveland Browns,DEF,,237,241,0.017,376,323
dynasty|preset_dyn_12_sf,Paca8d10a,Clyde Edwards-Helaire,RB,27.5,515,0,-1,272,
dynasty|preset_dyn_12_sf,Pf9d92af0,Cole Payton,QB,23.9,525,834,0.589,270,205
dynasty|preset_dyn_12_sf,Pe445e8a1,Colston Loveland,TE,22.5,2528,4032,0.595,103,67
dynasty|preset_dyn_12_sf,Pfe320303,Cooper Kupp,WR,33.3,383,474,0.238,318,261
dynasty|preset_dyn_12_sf,Pee067aab,Cordarrelle Patterson,RB,35.5,307,0,-1,343,
dynasty|preset_dyn_12_sf,P90ac00bc,Corey Davis,WR,31.7,3855,0,-1,55,
dynasty|preset_dyn_12_sf,P7ef68d96,Courtland Sutton,WR,31,1692,1850,0.093,145,136
dynasty|preset_dyn_12_sf,Pfad92c83,Cyrus Allen,WR,23.6,349,523,0.499,329,253
dynasty|preset_dyn_12_sf,Pd6949ba4,D.J. Chark,WR,30,453,0,-1,292,
dynasty|preset_dyn_12_sf,Pa57c15f0,D.J. Moore,WR,29.5,3056,3490,0.142,83,87
dynasty|preset_dyn_12_sf,P937141e7,D'Andre Swift,RB,27.7,3641,3123,-0.142,64,94
dynasty|preset_dyn_12_sf,P0592af8e,Dak Prescott,QB,33.2,4068,5237,0.287,47,36
dynasty|preset_dyn_12_sf,P8bf8e0a4,Dallas Goedert,TE,31.7,1043,1071,0.027,206,177
dynasty|preset_dyn_12_sf,Pd0928c3e,Dalton Kincaid,TE,27,2537,3111,0.226,101,95
dynasty|preset_dyn_12_sf,Pfdd9406f,Dalton Schultz,TE,30.2,874,936,0.071,223,192
dynasty|preset_dyn_12_sf,P1ab15728,Dalvin Cook,RB,31.1,428,0,-1,305,
dynasty|preset_dyn_12_sf,Pa57bbc75,Daniel Carlson,K,31.7,249,216,-0.133,368,334
dynasty|preset_dyn_12_sf,Pbf6954e6,Daniel Jones,QB,29.4,2610,4012,0.537,98,69
dynasty|preset_dyn_12_sf,P21ae0667,Darnell Mooney,WR,28.9,262,361,0.378,362,295
dynasty|preset_dyn_12_sf,P56cfd2c6,Darrell Henderson,RB,29.1,268,0,-1,359,
dynasty|preset_dyn_12_sf,Pb2655091,Darren Waller,TE,34.1,299,331,0.107,347,302
dynasty|preset_dyn_12_sf,Pd55a2534,Davante Adams,WR,33.8,3775,3616,-0.042,57,81
dynasty|preset_dyn_12_sf,P1b849c96,David Bell,WR,25.8,214,0,-1,394,
dynasty|preset_dyn_12_sf,Pd3e89c73,David Montgomery,RB,29.3,2092,2187,0.045,127,126
dynasty|preset_dyn_12_sf,Pcf6f6bec,Davis Mills,QB,28,607,1020,0.68,255,183
dynasty|preset_dyn_12_sf,P78fa7c06,De'Von Achane,RB,25,4262,4354,0.022,41,58
dynasty|preset_dyn_12_sf,Pe570b07f,De'Zhaun Stribling,WR,23.8,1255,1794,0.429,185,139
dynasty|preset_dyn_12_sf,Pc8696311,Deebo Samuel,WR,30.7,1794,1801,0.004,140,138
dynasty|preset_dyn_12_sf,Pb902a9d4,Demario Douglas,WR,25.8,285,338,0.186,350,300
dynasty|preset_dyn_12_sf,Pf6a3b5dc,Demond Claiborne,RB,23,268,184,-0.313,358,347
dynasty|preset_dyn_12_sf,DEF_DEN,Denver Broncos,DEF,,929,1053,0.133,218,180
dynasty|preset_dyn_12_sf,Pe770b3a5,Denzel Boston,WR,22.8,2955,3573,0.209,85,84
dynasty|preset_dyn_12_sf,P17768ee1,Denzel Mims,WR,29,472,0,-1,284,
dynasty|preset_dyn_12_sf,P8156ec66,Derrick Henry,RB,32.7,4256,3881,-0.088,42,73
dynasty|preset_dyn_12_sf,P84f8d59f,Derrius Guice,RB,29.3,1080,0,-1,202,
dynasty|preset_dyn_12_sf,P2699d2f1,Deshaun Watson,QB,31.1,2322,3286,0.415,114,91
dynasty|preset_dyn_12_sf,DEF_DET,Detroit Lions,DEF,,300,273,-0.09,346,316
dynasty|preset_dyn_12_sf,Pfa210108,DeVante Parker,WR,33.7,3438,0,-1,69,
dynasty|preset_dyn_12_sf,P55a01738,Devaughn Vele,WR,28.8,724,829,0.145,241,206
dynasty|preset_dyn_12_sf,P3690bc32,Devin Smith,WR,34.6,349,0,-1,330,
dynasty|preset_dyn_12_sf,Pd5b3a919,DeVonta Smith,WR,27.9,4189,4867,0.162,44,43
dynasty|preset_dyn_12_sf,P351ae8f2,Dez Bryant,WR,37.9,1063,0,-1,205,
dynasty|preset_dyn_12_sf,Pceca7f80,DK Metcalf,WR,28.8,2285,2664,0.166,117,108
dynasty|preset_dyn_12_sf,P87ad947b,Dominic Zvada,K,22.9,380,422,0.111,319,275
dynasty|preset_dyn_12_sf,P89cc1232,Dontayvion Wicks,WR,25.3,1135,1254,0.105,194,167
dynasty|preset_dyn_12_sf,P22759d11,Drake London,WR,25.2,6313,6635,0.051,16,18
dynasty|preset_dyn_12_sf,Pf4e37474,Drake Maye,QB,24.1,5150,6741,0.309,27,16
dynasty|preset_dyn_12_sf,P3f38ec11,Drew Allar,QB,22.6,737,1506,1.043,239,148
dynasty|preset_dyn_12_sf,P416c6023,Drew Lock,QB,29.9,1028,1299,0.264,209,164
dynasty|preset_dyn_12_sf,P04b7539e,Drew Stevens,K,22.8,337,244,-0.276,334,321
dynasty|preset_dyn_12_sf,Pc9afa657,Duke Johnson,RB,33,210,0,-1,398,
dynasty|preset_dyn_12_sf,P503c0549,Dylan Sampson,RB,22,416,415,-0.002,312,279
dynasty|preset_dyn_12_sf,Pab7e047e,Eddy Pineiro,K,31.1,434,447,0.03,301,269
dynasty|preset_dyn_12_sf,Pe2255f18,Eli Raridon,TE,22.6,252,463,0.837,366,263
dynasty|preset_dyn_12_sf,P1eff1352,Eli Stowers,TE,23.5,738,996,0.35,238,186
dynasty|preset_dyn_12_sf,Pe83922fa,Elic Ayomanor,WR,23.3,442,614,0.389,297,232
dynasty|preset_dyn_12_sf,P10ca449b,Elijah Sarratt,WR,23.4,460,529,0.15,287,250
dynasty|preset_dyn_12_sf,Pc917988a,Emanuel Wilson,RB,27.4,225,191,-0.151,383,342
dynasty|preset_dyn_12_sf,Pdd45dd9c,Emeka Egbuka,WR,24,3722,4828,0.297,61,45
dynasty|preset_dyn_12_sf,Peb75371f,Emmett Johnson,RB,23,989,1170,0.183,213,173
dynasty|preset_dyn_12_sf,Pd35a220e,Eric Ebron,TE,33.5,1451,0,-1,167,
dynasty|preset_dyn_12_sf,P53793614,Evan McPherson,K,27.2,393,416,0.059,317,278
dynasty|preset_dyn_12_sf,P738b0df3,Ezekiel Elliott,RB,31.2,3944,0,-1,51,
dynasty|preset_dyn_12_sf,P4038eda4,Fernando Mendoza,QB,23,3429,4886,0.425,71,42
dynasty|preset_dyn_12_sf,P5bce3f65,Garrett Wilson,WR,26.2,5274,5643,0.07,26,32
dynasty|preset_dyn_12_sf,Pfd0453b1,Geno Smith,QB,36,2016,3451,0.712,130,89
dynasty|preset_dyn_12_sf,Pd4d9958e,George Kittle,TE,33,2322,2313,-0.004,113,122
dynasty|preset_dyn_12_sf,P1b825dff,George Pickens,WR,25.6,4698,5705,0.214,32,30
dynasty|preset_dyn_12_sf,P20b1609a,Gerald Everett,TE,32.3,213,0,-1,396,
dynasty|preset_dyn_12_sf,P24ff1cc4,Germie Bernard,WR,22.8,921,1071,0.163,219,178
dynasty|preset_dyn_12_sf,DEF_GB,Green Bay Packers,DEF,,297,351,0.182,348,297
dynasty|preset_dyn_12_sf,P2084a475,Greg Dulcich,TE,26.5,227,309,0.361,381,310
dynasty|preset_dyn_12_sf,Pb2b9d0fd,Gunnar Helm,TE,24.1,248,381,0.536,369,287
dynasty|preset_dyn_12_sf,P650055ab,Harold Fannin,TE,22.2,2751,3645,0.325,92,78
dynasty|preset_dyn_12_sf,Pb8357090,Harrison Butker,K,31.2,374,386,0.032,321,286
dynasty|preset_dyn_12_sf,Pd3bb210f,Harrison Mevis,K,24.5,456,421,-0.077,289,276
dynasty|preset_dyn_12_sf,Pa679d8ec,Hayden Hurst,TE,33.1,278,0,-1,353,
dynasty|preset_dyn_12_sf,Pa7a68a94,Henry Ruggs,WR,27.7,4274,0,-1,39,
dynasty|preset_dyn_12_sf,DEF_HOU,Houston Texans,DEF,,1135,1163,0.025,193,174
dynasty|preset_dyn_12_sf,Pf4700289,Hunter Henry,TE,31.8,486,609,0.253,281,234
dynasty|preset_dyn_12_sf,DEF_IND,Indianapolis Colts,DEF,,223,219,-0.018,384,331
dynasty|preset_dyn_12_sf,P33e702d3,Irv Smith,TE,28.2,264,0,-1,361,
dynasty|preset_dyn_12_sf,P5f004c39,Isaac TeSlaa,WR,24.6,491,717,0.46,279,219
dynasty|preset_dyn_12_sf,P34376c57,Isaiah Likely,TE,26.5,1492,1904,0.276,161,135
dynasty|preset_dyn_12_sf,P2ddc745f,Isiah Pacheco,RB,27.6,226,152,-0.327,382,367
dynasty|preset_dyn_12_sf,Pe3733c2a,J.J. McCarthy,QB,23.7,2234,3489,0.562,119,88
dynasty|preset_dyn_12_sf,Pfcd6ea37,J.K. Dobbins,RB,27.8,1105,1000,-0.095,199,185
dynasty|preset_dyn_12_sf,P16ca4e0d,Ja'Kobi Lane,WR,22.2,1043,1468,0.407,207,150
dynasty|preset_dyn_12_sf,P4f6dd600,Ja'Lynn Polk,WR,24.5,1001,0,-1,212,
dynasty|preset_dyn_12_sf,P6db0c6ca,Ja'Marr Chase,WR,26.6,9473,10020,0.058,4,4
dynasty|preset_dyn_12_sf,Pcb840e56,Jack Bech,WR,23.8,343,600,0.749,333,236
dynasty|preset_dyn_12_sf,P0cb99ecd,Jack Strand,QB,22.3,313,428,0.367,341,274
dynasty|preset_dyn_12_sf,DEF_JAX,Jacksonville Jaguars,DEF,,496,519,0.046,276,254
dynasty|preset_dyn_12_sf,Pf015a505,Jacoby Brissett,QB,33.8,2466,3490,0.415,106,86
dynasty|preset_dyn_12_sf,P7a0fb4ef,Jacoby Jones,WR,25.2,380,0,-1,320,
dynasty|preset_dyn_12_sf,P8733a976,Jacory Croskey-Merritt,RB,25.5,1329,1246,-0.062,176,168
dynasty|preset_dyn_12_sf,Pb2405cdf,Jadarian Price,RB,23,2677,2933,0.096,96,99
dynasty|preset_dyn_12_sf,P6e8a4ec1,Jahmyr Gibbs,RB,24.5,11763,11749,-0.001,1,1
dynasty|preset_dyn_12_sf,Peb80862c,Jake Bates,K,27.6,449,458,0.02,293,265
dynasty|preset_dyn_12_sf,Pab4feb64,Jake Ferguson,TE,27.7,1259,1307,0.038,180,163
dynasty|preset_dyn_12_sf,P4de4ed2a,Jakobi Meyers,WR,29.9,1748,1986,0.136,142,131
dynasty|preset_dyn_12_sf,Pdabb2c14,Jalen Coker,WR,24.9,2539,2763,0.088,100,106
dynasty|preset_dyn_12_sf,P219a7eaf,Jalen Hurts,QB,28.2,4880,6019,0.233,30,28
dynasty|preset_dyn_12_sf,Pf0e36e28,Jalen McMillan,WR,24.8,512,666,0.301,273,225
dynasty|preset_dyn_12_sf,Ped036a5a,Jalen Milroe,QB,23.8,705,1394,0.977,242,155
dynasty|preset_dyn_12_sf,P958e5700,Jalen Nailor,WR,27.6,421,572,0.359,308,244
dynasty|preset_dyn_12_sf,P279a8821,Jalen Reagor,WR,27.8,2050,0,-1,128,
dynasty|preset_dyn_12_sf,Pc2ae54ff,Jalon Daniels,QB,23.9,528,1173,1.222,269,172
dynasty|preset_dyn_12_sf,P66171db0,Jameis Winston,QB,32.7,1335,1957,0.466,175,132
dynasty|preset_dyn_12_sf,P208265de,James Cook,RB,27,5755,5715,-0.007,19,29
dynasty|preset_dyn_12_sf,P31f5b0bc,James Washington,WR,30.5,444,0,-1,296,
dynasty|preset_dyn_12_sf,P18825946,Jameson Williams,WR,25.5,3004,3685,0.227,84,75
dynasty|preset_dyn_12_sf,P631898a5,Jared Goff,QB,32,4073,5132,0.26,46,38
dynasty|preset_dyn_12_sf,P81804cc5,Jason Myers,K,35.4,563,572,0.016,261,243
dynasty|preset_dyn_12_sf,P13768895,Jauan Jennings,WR,29.2,613,663,0.082,253,226
dynasty|preset_dyn_12_sf,P689f75ca,Javonte Williams,RB,26.4,4138,4042,-0.023,45,66
dynasty|preset_dyn_12_sf,P5bf06aa9,Jaxon Smith-Njigba,WR,24.6,11257,10863,-0.035,2,2
dynasty|preset_dyn_12_sf,Pd6e0b576,Jaxson Dart,QB,23.4,3379,5120,0.515,72,39
dynasty|preset_dyn_12_sf,P506b98fc,Jayden Daniels,QB,25.8,4483,6019,0.343,36,27
dynasty|preset_dyn_12_sf,P6042da3e,Jayden Higgins,WR,23.8,1588,2199,0.385,154,124
dynasty|preset_dyn_12_sf,Pe97e446f,Jayden Reed,WR,26.4,1459,1832,0.256,165,137
dynasty|preset_dyn_12_sf,P55e5175f,Jaylen Waddle,WR,27.9,3257,3903,0.198,76,72
dynasty|preset_dyn_12_sf,P1c735508,Jaylen Warren,RB,27.9,2715,2496,-0.081,95,116
dynasty|preset_dyn_12_sf,P65de1629,Jaylen Wright,RB,23.5,439,413,-0.059,298,280
dynasty|preset_dyn_12_sf,P5842cda6,Jaylin Noel,WR,24.1,553,733,0.325,263,218
dynasty|preset_dyn_12_sf,Pe772f23c,Jeremiyah Love,RB,21.3,6761,8084,0.196,12,7
dynasty|preset_dyn_12_sf,Pbb16c604,Jerry Jeudy,WR,27.4,424,583,0.375,306,240
dynasty|preset_dyn_12_sf,P3020788f,Joe Burrow,QB,29.8,5025,6465,0.287,29,20
dynasty|preset_dyn_12_sf,Pdecfd86c,Joe Flacco,QB,41.7,347,617,0.778,331,231
dynasty|preset_dyn_12_sf,P93549efe,Joe Milton,QB,26.6,555,751,0.353,262,215
dynasty|preset_dyn_12_sf,P1eb15d74,Joe Mixon,RB,30.2,417,0,-1,311,
dynasty|preset_dyn_12_sf,Padc781e2,John Ross,WR,30.8,4005,0,-1,50,
dynasty|preset_dyn_12_sf,P19fcccdc,Jonah Coleman,RB,23.1,1249,1357,0.086,186,158
dynasty|preset_dyn_12_sf,P897dfe1c,Jonathan Taylor,RB,27.7,6417,6020,-0.062,15,26
dynasty|preset_dyn_12_sf,P8d61617f,Jonathon Brooks,RB,23.2,967,1008,0.042,214,184
dynasty|preset_dyn_12_sf,Pd7a1a1cd,Jordan Addison,WR,24.7,2303,2777,0.206,115,104
dynasty|preset_dyn_12_sf,P9873885d,Jordan Love,QB,27.9,3534,4849,0.372,66,44
dynasty|preset_dyn_12_sf,P7c5364d2,Jordan Mason,RB,27.4,858,796,-0.072,225,208
dynasty|preset_dyn_12_sf,Ped72fbae,Jordyn Tyson,WR,22.1,3643,4485,0.231,63,54
dynasty|preset_dyn_12_sf,P3574a9db,Josh Allen,QB,30.4,9416,10201,0.083,5,3
dynasty|preset_dyn_12_sf,P8556f2b2,Josh Doctson,WR,33.8,1559,0,-1,157,
dynasty|preset_dyn_12_sf,Pd4a19d14,Josh Downs,WR,25.1,2425,2804,0.156,109,101
dynasty|preset_dyn_12_sf,P456c666f,Josh Jacobs,RB,28.6,2468,2173,-0.12,105,127
dynasty|preset_dyn_12_sf,P85f6989b,Josh Rosen,QB,29.6,1961,0,-1,134,
dynasty|preset_dyn_12_sf,P659d327a,Joshua Palmer,WR,27,214,215,0.005,392,335
dynasty|preset_dyn_12_sf,P6abb4f6d,Justin Fields,QB,27.6,1992,2353,0.181,133,121
dynasty|preset_dyn_12_sf,Pa9a68dba,Justin Herbert,QB,28.6,3858,5459,0.415,54,34
dynasty|preset_dyn_12_sf,Pa2b34ea8,Justin Jefferson,WR,27.3,5846,6761,0.157,18,15
dynasty|preset_dyn_12_sf,P5d585ad9,Juwan Johnson,TE,30.1,1265,1273,0.006,179,166
dynasty|preset_dyn_12_sf,P7f61769c,Ka'imi Fairbairn,K,32.7,648,649,0.002,249,227
dynasty|preset_dyn_12_sf,Pd4b3a786,Kadarius Toney,WR,27.7,2599,0,-1,99,
dynasty|preset_dyn_12_sf,Pe27fb650,Kaelon Black,RB,25,730,766,0.049,240,214
dynasty|preset_dyn_12_sf,Pe036d7cb,Kaleb Johnson,RB,23.1,333,336,0.009,335,301
dynasty|preset_dyn_12_sf,P451d903f,Kalif Raymond,WR,32.2,586,561,-0.043,259,245
dynasty|preset_dyn_12_sf,DEF_KC,Kansas City Chiefs,DEF,,357,329,-0.078,324,303
dynasty|preset_dyn_12_sf,Pf72d7ad0,Kareem Hunt,RB,31.2,245,188,-0.233,371,344
dynasty|preset_dyn_12_sf,Pb5fe27ed,Kayshon Boutte,WR,24.4,812,905,0.115,232,197
dynasty|preset_dyn_12_sf,P768999a8,Kaytron Allen,RB,23.7,269,176,-0.346,357,358
dynasty|preset_dyn_12_sf,P3d346bbd,KC Concepcion,WR,22,2797,3662,0.309,89,76
dynasty|preset_dyn_12_sf,Pcd857dc6,Keaton Mitchell,RB,24.7,475,503,0.059,283,256
dynasty|preset_dyn_12_sf,P847e4019,Keenan Allen,WR,34.4,778,794,0.021,236,209
dynasty|preset_dyn_12_sf,P5df2ac66,Kendre Miller,RB,24.3,242,221,-0.087,373,329
dynasty|preset_dyn_12_sf,Pdab3b0f8,Kenneth Gainwell,RB,27.6,884,812,-0.081,222,207
dynasty|preset_dyn_12_sf,P2bb6450f,Kenneth Walker III,RB,26,6618,6289,-0.05,14,23
dynasty|preset_dyn_12_sf,Pe270abc6,Kenyon Sadiq,TE,21.6,2131,2894,0.358,125,100
dynasty|preset_dyn_12_sf,P556ddf72,Keon Coleman,WR,23.4,786,938,0.193,235,191
dynasty|preset_dyn_12_sf,P7ff68f29,Kerryon Johnson,RB,29.3,1080,0,-1,203,
dynasty|preset_dyn_12_sf,P33436689,Kevin Coleman,WR,23.1,230,362,0.574,379,294
dynasty|preset_dyn_12_sf,Pfc21042e,Kevin White,WR,34.3,3291,0,-1,75,
dynasty|preset_dyn_12_sf,Pad7d33a7,Khalil Shakir,WR,26.7,1367,1341,-0.019,171,160
dynasty|preset_dyn_12_sf,P8c5493f9,Kimani Vidal,RB,25.1,252,184,-0.27,365,345
dynasty|preset_dyn_12_sf,Pc049d3ab,Kirk Cousins,QB,38.1,1614,2585,0.602,150,112
dynasty|preset_dyn_12_sf,Pb6147f8e,KJ Hamler,WR,27.2,497,0,-1,275,
dynasty|preset_dyn_12_sf,Pa8b782a8,Konata Mumpfield,WR,23.9,253,306,0.209,364,311
dynasty|preset_dyn_12_sf,P8d44fc09,Kyle Monangai,RB,24.3,1454,1371,-0.057,166,156
dynasty|preset_dyn_12_sf,Pdfb83605,Kyle Pitts,TE,26,1340,1685,0.257,174,143
dynasty|preset_dyn_12_sf,P6142dbd1,Kyle Williams,WR,23.9,267,449,0.682,360,268
dynasty|preset_dyn_12_sf,Paf8e3612,Kyler Murray,QB,29.2,2749,4205,0.53,93,61
dynasty|preset_dyn_12_sf,P222606e0,Kyren Williams,RB,26.1,4039,4132,0.023,48,64
dynasty|preset_dyn_12_sf,P4d6b9443,Ladd McConkey,WR,24.9,3327,4164,0.252,74,63
dynasty|preset_dyn_12_sf,Pc79006d9,Lamar Jackson,QB,29.7,5899,7269,0.232,17,12
dynasty|preset_dyn_12_sf,Pa41e3ccc,Larry Fitzgerald,WR,43.1,1829,0,-1,136,
dynasty|preset_dyn_12_sf,P8c737579,Laviska Shenault,WR,28,487,0,-1,280,
dynasty|preset_dyn_12_sf,P568a367c,Le'Veon Bell,RB,34.6,788,0,-1,234,
dynasty|preset_dyn_12_sf,P1fa6d1ab,Leonard Fournette,RB,31.7,1620,0,-1,148,
dynasty|preset_dyn_12_sf,P1344add2,LeSean McCoy,RB,38.2,589,0,-1,258,
dynasty|preset_dyn_12_sf,DEF_LAC,Los Angeles Chargers,DEF,,239,329,0.377,374,304
dynasty|preset_dyn_12_sf,DEF_LAR,Los Angeles Rams,DEF,,1011,993,-0.018,211,187
dynasty|preset_dyn_12_sf,Pd381dc57,Luther Burden,WR,22.8,3474,4541,0.307,68,52
dynasty|preset_dyn_12_sf,Pddb832df,Mac Jones,QB,28.1,1430,2578,0.803,168,113
dynasty|preset_dyn_12_sf,P98947639,Mack Hollins,WR,33,410,435,0.061,315,272
dynasty|preset_dyn_12_sf,P0fc80471,Makai Lemon,WR,22.3,2446,3284,0.343,107,92
dynasty|preset_dyn_12_sf,Pec8204a5,Malachi Fields,WR,23.1,884,1077,0.218,221,176
dynasty|preset_dyn_12_sf,Pfed932cf,Malik Benson,WR,24,210,204,-0.029,399,336
dynasty|preset_dyn_12_sf,P8e63a1a9,Malik Nabers,WR,23.2,5081,6438,0.267,28,21
dynasty|preset_dyn_12_sf,Pe7c30c52,Malik Washington,WR,25.7,932,938,0.006,217,190
dynasty|preset_dyn_12_sf,P39b41c82,Malik Willis,QB,27.4,2256,3775,0.673,118,74
dynasty|preset_dyn_12_sf,Pc8ad662d,Marcus Mariota,QB,32.9,1598,2388,0.494,153,119
dynasty|preset_dyn_12_sf,P4299c2d6,Mark Andrews,TE,31.1,653,839,0.285,247,201
dynasty|preset_dyn_12_sf,P5cd98ad0,MarShawn Lloyd,RB,25.7,534,527,-0.013,268,251
dynasty|preset_dyn_12_sf,P68e05979,Marvin Harrison Jr.,WR,24.1,2116,2783,0.315,126,102
dynasty|preset_dyn_12_sf,Pd481ddea,Mason Taylor,TE,22.4,215,363,0.688,389,293
dynasty|preset_dyn_12_sf,P2897eee9,Matt Gay,K,32.6,312,298,-0.045,342,313
dynasty|preset_dyn_12_sf,P69005bf7,Matthew Golden,WR,23.2,3080,3591,0.166,82,82
dynasty|preset_dyn_12_sf,P9e7cde13,Matthew Stafford,QB,38.7,2916,4021,0.379,87,68
dynasty|preset_dyn_12_sf,Pf31eb76c,Maxx Williams,TE,32.5,212,0,-1,397,
dynasty|preset_dyn_12_sf,P3735a89e,Melvin Gordon,RB,33.5,1488,0,-1,162,
dynasty|preset_dyn_12_sf,P0af551ae,Michael Mayer,TE,25.2,250,378,0.512,367,288
dynasty|preset_dyn_12_sf,P4f6b9769,Michael Penix Jr.,QB,26.4,2509,3958,0.578,104,70
dynasty|preset_dyn_12_sf,P18769074,Michael Pittman,WR,29,1600,1741,0.088,152,140
dynasty|preset_dyn_12_sf,P65f2b8fe,Michael Wilson,WR,26.6,3429,3399,-0.009,70,90
dynasty|preset_dyn_12_sf,P819195e6,Mike Evans,WR,33.1,2410,2700,0.12,110,107
dynasty|preset_dyn_12_sf,Pb37c2bfa,Mike Gesicki,TE,31,222,236,0.063,386,325
dynasty|preset_dyn_12_sf,P0eca4175,Mike Washington Jr.,RB,23.3,668,737,0.103,245,217
dynasty|preset_dyn_12_sf,P2599d15e,Mike Williams,WR,32,3806,0,-1,56,
dynasty|preset_dyn_12_sf,DEF_MIN,Minnesota Vikings,DEF,,833,837,0.005,229,203
dynasty|preset_dyn_12_sf,Pf820fde2,Nelson Agholor,WR,33.4,1614,0,-1,151,
dynasty|preset_dyn_12_sf,DEF_NE,New England Patriots,DEF,,541,550,0.017,266,246
dynasty|preset_dyn_12_sf,P0ed70d68,Nicholas Singleton,RB,22.7,491,500,0.018,278,258
dynasty|preset_dyn_12_sf,Pcd77f557,Nico Collins,WR,27.5,4712,5430,0.152,31,35
dynasty|preset_dyn_12_sf,P98ac0d54,O.J. Howard,TE,31.9,320,0,-1,337,
dynasty|preset_dyn_12_sf,P54b5eff0,Odell Beckham,WR,33.9,271,641,1.365,356,229
dynasty|preset_dyn_12_sf,Pdc2a058c,Ollie Gordon,RB,22.7,597,584,-0.022,256,239
dynasty|preset_dyn_12_sf,Pb3405e72,Omar Cooper Jr.,WR,22.8,1822,2269,0.245,137,123
dynasty|preset_dyn_12_sf,P68005a64,Omarion Hampton,RB,23.6,4211,4650,0.104,43,49
dynasty|preset_dyn_12_sf,P612d1582,Oronde Gadsden,TE,23.3,688,929,0.35,244,193
dynasty|preset_dyn_12_sf,Pa7fe11e3,Parker Washington,WR,24.5,4342,4666,0.075,37,48
dynasty|preset_dyn_12_sf,Pdfdbe364,Parris Campbell,WR,29.2,468,0,-1,286,
dynasty|preset_dyn_12_sf,P6442e08a,Pat Bryant,WR,23.8,1114,1325,0.189,197,162
dynasty|preset_dyn_12_sf,Pd36f7238,Pat Freiermuth,TE,27.9,457,646,0.414,288,228
dynasty|preset_dyn_12_sf,P92ac03e2,Patrick Mahomes,QB,31,5653,6608,0.169,20,19
dynasty|preset_dyn_12_sf,P56a6e88c,Paul Richardson,WR,34.5,351,0,-1,325,
dynasty|preset_dyn_12_sf,DEF_PHI,Philadelphia Eagles,DEF,,789,924,0.171,233,196
dynasty|preset_dyn_12_sf,P1f0ff3e3,Philip Rivers,QB,44.8,1258,0,-1,184,
dynasty|preset_dyn_12_sf,P3ca80c9b,Phillip Dorsett,WR,33.7,1573,0,-1,155,
dynasty|preset_dyn_12_sf,DEF_PIT,Pittsburgh Steelers,DEF,,571,598,0.047,260,237
dynasty|preset_dyn_12_sf,P0df794fe,Puka Nacua,WR,25.3,8271,8151,-0.015,6,6
dynasty|preset_dyn_12_sf,P5cf06c3c,Quentin Johnston,WR,25.1,2005,2514,0.254,132,115
dynasty|preset_dyn_12_sf,P8b44f8e3,Quinn Ewers,QB,23.4,302,701,1.321,345,224
dynasty|preset_dyn_12_sf,Pd47511f7,Quinshon Judkins,RB,22.9,3495,3630,0.039,67,80
dynasty|preset_dyn_12_sf,P1c849e29,Rachaad White,RB,27.7,872,780,-0.106,224,210
dynasty|preset_dyn_12_sf,P0bf55341,Rashee Rice,WR,26.4,4266,4454,0.044,40,55
dynasty|preset_dyn_12_sf,P78626910,Rashid Shaheed,WR,28.1,812,904,0.113,231,198
dynasty|preset_dyn_12_sf,Pc977ef0b,Rashod Bateman,WR,26.8,765,865,0.131,237,200
dynasty|preset_dyn_12_sf,P64de1496,Ray Davis,RB,26.9,214,154,-0.28,393,364
dynasty|preset_dyn_12_sf,Pd87e84a1,Rhamondre Stevenson,RB,28.6,1541,1350,-0.124,159,159
dynasty|preset_dyn_12_sf,P4e6b95d6,Ricky Pearsall,WR,26.1,1651,1627,-0.015,147,146
dynasty|preset_dyn_12_sf,P77c8a14e,Rico Dowdle,RB,28.3,1109,1042,-0.06,198,182
dynasty|preset_dyn_12_sf,Pce81d478,RJ Harvey,RB,25.7,2155,2034,-0.056,124,128
dynasty|preset_dyn_12_sf,P433b975a,Robert Griffin III,QB,36.6,1700,0,-1,144,
dynasty|preset_dyn_12_sf,P599945bf,Robert Woods,WR,34.5,351,0,-1,326,
dynasty|preset_dyn_12_sf,Pdcc948fb,Roman Wilson,WR,25.3,485,535,0.103,282,248
dynasty|preset_dyn_12_sf,P596ba727,Rome Odunze,WR,24.3,2941,3646,0.24,86,77
dynasty|preset_dyn_12_sf,Pba322f1b,Romeo Doubs,WR,26.5,1289,1626,0.261,177,147
dynasty|preset_dyn_12_sf,Pb47e6c24,Ronald Jones,RB,29.2,1085,0,-1,201,
dynasty|preset_dyn_12_sf,Pcba78cbf,Ryan Flournoy,WR,26.9,623,714,0.146,252,220
dynasty|preset_dyn_12_sf,P46b2755f,Ryan Tannehill,QB,38.2,1473,0,-1,163,
dynasty|preset_dyn_12_sf,P2b725b86,Sam Darnold,QB,29.3,2868,4395,0.532,88,57
dynasty|preset_dyn_12_sf,P09f5501b,Sam LaPorta,TE,25.7,2618,3217,0.229,97,93
dynasty|preset_dyn_12_sf,DEF_SF,San Francisco 49ers,DEF,,245,235,-0.041,370,326
dynasty|preset_dyn_12_sf,Pa477972f,Saquon Barkley,RB,29.6,3229,3636,0.126,78,79
dynasty|preset_dyn_12_sf,DEF_SEA,Seattle Seahawks,DEF,,961,924,-0.039,215,195
dynasty|preset_dyn_12_sf,P5e004aa6,Shedeur Sanders,QB,24.7,1131,2638,1.332,195,109
dynasty|preset_dyn_12_sf,P9708ca96,Skyler Bell,WR,24.2,275,364,0.324,355,292
dynasty|preset_dyn_12_sf,Pa377959c,Sony Michel,RB,31.6,1013,0,-1,210,
dynasty|preset_dyn_12_sf,P1d59f56a,Spencer Rattler,QB,26,431,834,0.935,303,204
dynasty|preset_dyn_12_sf,Pc448ad54,Spencer Shrader,K,27.4,438,342,-0.219,299,299
dynasty|preset_dyn_12_sf,P712ab6b9,Stefon Diggs,WR,32.8,2006,2019,0.006,131,129
dynasty|preset_dyn_12_sf,Pb08e37a5,T.J. Hockenson,TE,29.3,432,709,0.641,302,221
dynasty|preset_dyn_12_sf,P61f2b2b2,Tank Bigsby,RB,25.1,364,374,0.027,323,289
dynasty|preset_dyn_12_sf,Pc49d06b6,Tank Dell,WR,26.9,344,428,0.244,332,273
dynasty|preset_dyn_12_sf,P4f91835f,Tanner McKee,QB,26.4,227,348,0.533,380,298
dynasty|preset_dyn_12_sf,P7a899ff4,Taylen Green,QB,24,424,625,0.474,307,230
dynasty|preset_dyn_12_sf,Pf2820e17,Ted Hurst,WR,22.3,1160,1414,0.219,190,153
dynasty|preset_dyn_12_sf,Pb4147c68,Tee Higgins,WR,27.7,4022,4489,0.116,49,53
dynasty|preset_dyn_12_sf,P66bd87b8,Terrace Marshall,WR,26.3,504,0,-1,274,
dynasty|preset_dyn_12_sf,Pd581df7d,Terrance Ferguson,TE,23.6,837,1279,0.528,228,165
dynasty|preset_dyn_12_sf,P5bcd9c0e,Terry McLaurin,WR,31,2377,2781,0.17,112,103
dynasty|preset_dyn_12_sf,Pe245e57b,Tetairoa McMillan,WR,23.5,4567,5665,0.24,33,31
dynasty|preset_dyn_12_sf,P1b8f469c,Tevin Coleman,RB,33.5,219,0,-1,387,
dynasty|preset_dyn_12_sf,Pcbb1e814,Todd Gurley,RB,32.2,3764,0,-1,58,
dynasty|preset_dyn_12_sf,P3097fb81,Tony Pollard,RB,29.4,1143,927,-0.189,192,194
dynasty|preset_dyn_12_sf,P61fbd3c4,Tory Horton,WR,23.8,294,498,0.694,349,259
dynasty|preset_dyn_12_sf,Pdcb8314c,Travis Etienne,RB,27.7,2379,2422,0.018,111,118
dynasty|preset_dyn_12_sf,Pd28657f2,Travis Hunter,WR,23.4,1259,1333,0.059,181,161
dynasty|preset_dyn_12_sf,P6a097c76,Travis Kelce,TE,37,1401,1419,0.013,169,152
dynasty|preset_dyn_12_sf,Pd5841e14,Tre Harris,WR,24.6,1266,1478,0.167,178,149
dynasty|preset_dyn_12_sf,Pe3f5bdef,Tre Tucker,WR,25.6,1121,1137,0.014,196,175
dynasty|preset_dyn_12_sf,Pd281dac4,TreVeyon Henderson,RB,23.9,3229,3492,0.081,77,85
dynasty|preset_dyn_12_sf,Pdeb83472,Trevor Lawrence,QB,27,5363,6332,0.181,25,22
dynasty|preset_dyn_12_sf,Pe1733904,Trey Benson,RB,24.2,456,399,-0.125,290,285
dynasty|preset_dyn_12_sf,P57ce3919,Trey McBride,TE,26.9,7184,7457,0.038,9,11
dynasty|preset_dyn_12_sf,P01d93788,Trey Smack,K,23.2,495,441,-0.109,277,271
dynasty|preset_dyn_12_sf,P6bdbe104,Troy Franklin,WR,23.7,421,573,0.361,309,242
dynasty|preset_dyn_12_sf,P908047b8,Tua Tagovailoa,QB,28.6,1549,2536,0.637,158,114
dynasty|preset_dyn_12_sf,Pd5a19ea7,Tucker Kraft,TE,25.9,2180,3011,0.381,122,97
dynasty|preset_dyn_12_sf,P34a80003,Ty Montgomery,RB,33.7,215,0,-1,390,
dynasty|preset_dyn_12_sf,P3a38e432,Ty Simpson,QB,23.8,2756,4170,0.513,91,62
dynasty|preset_dyn_12_sf,P78edb013,Tyjae Spears,RB,25.3,592,529,-0.106,257,249
dynasty|preset_dyn_12_sf,Paf7d36cd,Tyler Allgeier,RB,26.5,654,611,-0.066,246,233
dynasty|preset_dyn_12_sf,Pf7815063,Tyler Boyd,WR,31.9,417,0,-1,310,
dynasty|preset_dyn_12_sf,P6cfef3d3,Tyler Eifert,TE,36.1,254,0,-1,363,
dynasty|preset_dyn_12_sf,P69b0c759,Tyler Loop,K,25.2,413,444,0.075,314,270
dynasty|preset_dyn_12_sf,Pd9932eea,Tyler Shough,QB,27,3754,5135,0.368,60,37
dynasty|preset_dyn_12_sf,Pde45df2f,Tyler Warren,TE,24.4,3180,4549,0.431,80,51
dynasty|preset_dyn_12_sf,Pb9aed5d4,Tyquan Thornton,WR,26.2,314,404,0.287,340,282
dynasty|preset_dyn_12_sf,P768b12ac,Tyreek Hill,WR,32.6,1381,970,-0.298,170,188
dynasty|preset_dyn_12_sf,P29351c6f,Tyrion Davis-Price,RB,25.9,215,0,-1,391,
dynasty|preset_dyn_12_sf,P0d579da3,Tyrone Tracy,RB,26.9,316,247,-0.218,339,320
dynasty|preset_dyn_12_sf,P4b8f3e7c,Tyson Bagent,QB,26.3,845,1395,0.651,227,154
dynasty|preset_dyn_12_sf,Pbcb11924,Wan'Dale Robinson,WR,25.7,2176,2487,0.143,123,117
dynasty|preset_dyn_12_sf,P63901b97,Wil Lutz,K,32.2,276,311,0.127,354,309
dynasty|preset_dyn_12_sf,Pf2136994,Will Fuller,WR,32.5,1708,0,-1,143,
dynasty|preset_dyn_12_sf,P203d94ad,Will Howard,QB,25,428,954,1.229,304,189
dynasty|preset_dyn_12_sf,P637b32e6,Will Levis,QB,27.3,209,0,-1,400,
dynasty|preset_dyn_12_sf,Pc9a54b02,Will Reichard,K,25.7,448,451,0.007,294,267
dynasty|preset_dyn_12_sf,Pabb9c5f8,Woody Marks,RB,25.8,851,778,-0.086,226,213
dynasty|preset_dyn_12_sf,P2ffb1664,Xavier Hutchinson,WR,26.3,284,314,0.106,351,308
dynasty|preset_dyn_12_sf,P8b615e59,Xavier Legette,WR,25.7,317,407,0.284,338,281
dynasty|preset_dyn_12_sf,Pf1c55aa7,Xavier Worthy,WR,23.4,1807,2194,0.214,139,125
dynasty|preset_dyn_12_sf,Pf682d614,Zach Charbonnet,RB,25.7,1886,1687,-0.106,135,142
dynasty|preset_dyn_12_sf,Pe681fb33,Zachariah Branch,WR,22.5,549,707,0.288,264,222
dynasty|preset_dyn_12_sf,P08f54e88,Zay Flowers,WR,26.1,5549,6064,0.093,21,25
dynasty|preset_dyn_12_sf,pick:2027:1,2027 1st,PICK,,2972,3596,0.21,,
dynasty|preset_dyn_12_sf,pick:2027:1:early,2027 Early 1st,PICK,,4162,4905,0.179,,
dynasty|preset_dyn_12_sf,pick:2027:1:mid,2027 Mid 1st,PICK,,2711,3410,0.258,,
dynasty|preset_dyn_12_sf,pick:2027:1:late,2027 Late 1st,PICK,,2045,2473,0.209,,
dynasty|preset_dyn_12_sf,pick:2027:1:1,2027 1.01,PICK,,5105,5807,0.138,,
dynasty|preset_dyn_12_sf,pick:2027:1:2,2027 1.02,PICK,,4331,5021,0.159,,
dynasty|preset_dyn_12_sf,pick:2027:1:3,2027 1.03,PICK,,3971,4676,0.178,,
dynasty|preset_dyn_12_sf,pick:2027:1:4,2027 1.04,PICK,,3240,4119,0.271,,
dynasty|preset_dyn_12_sf,pick:2027:1:5,2027 1.05,PICK,,2937,3803,0.295,,
dynasty|preset_dyn_12_sf,pick:2027:1:6,2027 1.06,PICK,,2782,3501,0.258,,
dynasty|preset_dyn_12_sf,pick:2027:1:7,2027 1.07,PICK,,2646,3262,0.233,,
dynasty|preset_dyn_12_sf,pick:2027:1:8,2027 1.08,PICK,,2478,3073,0.24,,
dynasty|preset_dyn_12_sf,pick:2027:1:9,2027 1.09,PICK,,2344,2892,0.234,,
dynasty|preset_dyn_12_sf,pick:2027:1:10,2027 1.10,PICK,,2247,2720,0.211,,
dynasty|preset_dyn_12_sf,pick:2027:1:11,2027 1.11,PICK,,1823,2212,0.213,,
dynasty|preset_dyn_12_sf,pick:2027:1:12,2027 1.12,PICK,,1765,2068,0.172,,
dynasty|preset_dyn_12_sf,pick:2027:2,2027 2nd,PICK,,1279,1336,0.045,,
dynasty|preset_dyn_12_sf,pick:2027:2:early,2027 Early 2nd,PICK,,1572,1749,0.113,,
dynasty|preset_dyn_12_sf,pick:2027:2:mid,2027 Mid 2nd,PICK,,1256,1316,0.048,,
dynasty|preset_dyn_12_sf,pick:2027:2:late,2027 Late 2nd,PICK,,1008,943,-0.064,,
dynasty|preset_dyn_12_sf,pick:2027:2:1,2027 2.01,PICK,,1646,1929,0.172,,
dynasty|preset_dyn_12_sf,pick:2027:2:2,2027 2.02,PICK,,1588,1796,0.131,,
dynasty|preset_dyn_12_sf,pick:2027:2:3,2027 2.03,PICK,,1549,1683,0.087,,
dynasty|preset_dyn_12_sf,pick:2027:2:4,2027 2.04,PICK,,1505,1589,0.056,,
dynasty|preset_dyn_12_sf,pick:2027:2:5,2027 2.05,PICK,,1380,1497,0.085,,
dynasty|preset_dyn_12_sf,pick:2027:2:6,2027 2.06,PICK,,1321,1410,0.067,,
dynasty|preset_dyn_12_sf,pick:2027:2:7,2027 2.07,PICK,,1191,1219,0.024,,
dynasty|preset_dyn_12_sf,pick:2027:2:8,2027 2.08,PICK,,1133,1136,0.003,,
dynasty|preset_dyn_12_sf,pick:2027:2:9,2027 2.09,PICK,,1075,1047,-0.026,,
dynasty|preset_dyn_12_sf,pick:2027:2:10,2027 2.10,PICK,,1028,967,-0.059,,
dynasty|preset_dyn_12_sf,pick:2027:2:11,2027 2.11,PICK,,997,907,-0.09,,
dynasty|preset_dyn_12_sf,pick:2027:2:12,2027 2.12,PICK,,932,850,-0.088,,
dynasty|preset_dyn_12_sf,pick:2027:3,2027 3rd,PICK,,696,578,-0.17,,
dynasty|preset_dyn_12_sf,pick:2027:3:early,2027 Early 3rd,PICK,,821,720,-0.123,,
dynasty|preset_dyn_12_sf,pick:2027:3:mid,2027 Mid 3rd,PICK,,674,558,-0.172,,
dynasty|preset_dyn_12_sf,pick:2027:3:late,2027 Late 3rd,PICK,,593,457,-0.229,,
dynasty|preset_dyn_12_sf,pick:2027:3:1,2027 3.01,PICK,,895,794,-0.113,,
dynasty|preset_dyn_12_sf,pick:2027:3:2,2027 3.02,PICK,,840,740,-0.119,,
dynasty|preset_dyn_12_sf,pick:2027:3:3,2027 3.03,PICK,,815,713,-0.125,,
dynasty|preset_dyn_12_sf,pick:2027:3:4,2027 3.04,PICK,,734,631,-0.14,,
dynasty|preset_dyn_12_sf,pick:2027:3:5,2027 3.05,PICK,,710,596,-0.161,,
dynasty|preset_dyn_12_sf,pick:2027:3:6,2027 3.06,PICK,,677,564,-0.167,,
dynasty|preset_dyn_12_sf,pick:2027:3:7,2027 3.07,PICK,,663,545,-0.178,,
dynasty|preset_dyn_12_sf,pick:2027:3:8,2027 3.08,PICK,,647,527,-0.185,,
dynasty|preset_dyn_12_sf,pick:2027:3:9,2027 3.09,PICK,,613,477,-0.222,,
dynasty|preset_dyn_12_sf,pick:2027:3:10,2027 3.10,PICK,,597,462,-0.226,,
dynasty|preset_dyn_12_sf,pick:2027:3:11,2027 3.11,PICK,,586,451,-0.23,,
dynasty|preset_dyn_12_sf,pick:2027:3:12,2027 3.12,PICK,,576,439,-0.238,,
dynasty|preset_dyn_12_sf,pick:2027:4,2027 4th,PICK,,456,359,-0.213,,
dynasty|preset_dyn_12_sf,pick:2027:4:early,2027 Early 4th,PICK,,524,412,-0.214,,
dynasty|preset_dyn_12_sf,pick:2027:4:mid,2027 Mid 4th,PICK,,445,356,-0.2,,
dynasty|preset_dyn_12_sf,pick:2027:4:late,2027 Late 4th,PICK,,399,310,-0.223,,
dynasty|preset_dyn_12_sf,pick:2027:4:1,2027 4.01,PICK,,554,428,-0.227,,
dynasty|preset_dyn_12_sf,pick:2027:4:2,2027 4.02,PICK,,540,416,-0.23,,
dynasty|preset_dyn_12_sf,pick:2027:4:3,2027 4.03,PICK,,513,407,-0.207,,
dynasty|preset_dyn_12_sf,pick:2027:4:4,2027 4.04,PICK,,491,397,-0.191,,
dynasty|preset_dyn_12_sf,pick:2027:4:5,2027 4.05,PICK,,476,387,-0.187,,
dynasty|preset_dyn_12_sf,pick:2027:4:6,2027 4.06,PICK,,461,377,-0.182,,
dynasty|preset_dyn_12_sf,pick:2027:4:7,2027 4.07,PICK,,428,338,-0.21,,
dynasty|preset_dyn_12_sf,pick:2027:4:8,2027 4.08,PICK,,416,323,-0.224,,
dynasty|preset_dyn_12_sf,pick:2027:4:9,2027 4.09,PICK,,410,318,-0.224,,
dynasty|preset_dyn_12_sf,pick:2027:4:10,2027 4.10,PICK,,405,313,-0.227,,
dynasty|preset_dyn_12_sf,pick:2027:4:11,2027 4.11,PICK,,401,308,-0.232,,
dynasty|preset_dyn_12_sf,pick:2027:4:12,2027 4.12,PICK,,379,302,-0.203,,
dynasty|preset_dyn_12_sf,pick:2028:1,2028 1st,PICK,,2419,2894,0.196,,
dynasty|preset_dyn_12_sf,pick:2028:1:early,2028 Early 1st,PICK,,3414,3976,0.165,,
dynasty|preset_dyn_12_sf,pick:2028:1:mid,2028 Mid 1st,PICK,,2193,2738,0.249,,
dynasty|preset_dyn_12_sf,pick:2028:1:late,2028 Late 1st,PICK,,1650,1969,0.193,,
dynasty|preset_dyn_12_sf,pick:2028:1:1,2028 1.01,PICK,,4238,4758,0.123,,
dynasty|preset_dyn_12_sf,pick:2028:1:2,2028 1.02,PICK,,3557,4066,0.143,,
dynasty|preset_dyn_12_sf,pick:2028:1:3,2028 1.03,PICK,,3244,3772,0.163,,
dynasty|preset_dyn_12_sf,pick:2028:1:4,2028 1.04,PICK,,2618,3307,0.263,,
dynasty|preset_dyn_12_sf,pick:2028:1:5,2028 1.05,PICK,,2369,3054,0.289,,
dynasty|preset_dyn_12_sf,pick:2028:1:6,2028 1.06,PICK,,2250,2813,0.25,,
dynasty|preset_dyn_12_sf,pick:2028:1:7,2028 1.07,PICK,,2145,2620,0.221,,
dynasty|preset_dyn_12_sf,pick:2028:1:8,2028 1.08,PICK,,2008,2466,0.228,,
dynasty|preset_dyn_12_sf,pick:2028:1:9,2028 1.09,PICK,,1901,2320,0.22,,
dynasty|preset_dyn_12_sf,pick:2028:1:10,2028 1.10,PICK,,1827,2181,0.194,,
dynasty|preset_dyn_12_sf,pick:2028:1:11,2028 1.11,PICK,,1459,1746,0.197,,
dynasty|preset_dyn_12_sf,pick:2028:1:12,2028 1.12,PICK,,1414,1630,0.153,,
dynasty|preset_dyn_12_sf,pick:2028:2,2028 2nd,PICK,,1046,1012,-0.033,,
dynasty|preset_dyn_12_sf,pick:2028:2:early,2028 Early 2nd,PICK,,1290,1334,0.034,,
dynasty|preset_dyn_12_sf,pick:2028:2:mid,2028 Mid 2nd,PICK,,1026,992,-0.033,,
dynasty|preset_dyn_12_sf,pick:2028:2:late,2028 Late 2nd,PICK,,823,708,-0.14,,
dynasty|preset_dyn_12_sf,pick:2028:2:1,2028 2.01,PICK,,1349,1473,0.092,,
dynasty|preset_dyn_12_sf,pick:2028:2:2,2028 2.02,PICK,,1303,1371,0.052,,
dynasty|preset_dyn_12_sf,pick:2028:2:3,2028 2.03,PICK,,1271,1283,0.009,,
dynasty|preset_dyn_12_sf,pick:2028:2:4,2028 2.04,PICK,,1236,1210,-0.021,,
dynasty|preset_dyn_12_sf,pick:2028:2:5,2028 2.05,PICK,,1130,1139,0.008,,
dynasty|preset_dyn_12_sf,pick:2028:2:6,2028 2.06,PICK,,1080,1072,-0.007,,
dynasty|preset_dyn_12_sf,pick:2028:2:7,2028 2.07,PICK,,970,910,-0.062,,
dynasty|preset_dyn_12_sf,pick:2028:2:8,2028 2.08,PICK,,923,849,-0.08,,
dynasty|preset_dyn_12_sf,pick:2028:2:9,2028 2.09,PICK,,877,784,-0.106,,
dynasty|preset_dyn_12_sf,pick:2028:2:10,2028 2.10,PICK,,840,726,-0.136,,
dynasty|preset_dyn_12_sf,pick:2028:2:11,2028 2.11,PICK,,815,682,-0.163,,
dynasty|preset_dyn_12_sf,pick:2028:2:12,2028 2.12,PICK,,761,641,-0.158,,
dynasty|preset_dyn_12_sf,pick:2028:3,2028 3rd,PICK,,602,492,-0.183,,
dynasty|preset_dyn_12_sf,pick:2028:3:early,2028 Early 3rd,PICK,,709,613,-0.135,,
dynasty|preset_dyn_12_sf,pick:2028:3:mid,2028 Mid 3rd,PICK,,582,475,-0.184,,
dynasty|preset_dyn_12_sf,pick:2028:3:late,2028 Late 3rd,PICK,,514,388,-0.245,,
dynasty|preset_dyn_12_sf,pick:2028:3:1,2028 3.01,PICK,,772,677,-0.123,,
dynasty|preset_dyn_12_sf,pick:2028:3:2,2028 3.02,PICK,,725,631,-0.13,,
dynasty|preset_dyn_12_sf,pick:2028:3:3,2028 3.03,PICK,,704,608,-0.136,,
dynasty|preset_dyn_12_sf,pick:2028:3:4,2028 3.04,PICK,,633,537,-0.152,,
dynasty|preset_dyn_12_sf,pick:2028:3:5,2028 3.05,PICK,,612,507,-0.172,,
dynasty|preset_dyn_12_sf,pick:2028:3:6,2028 3.06,PICK,,584,480,-0.178,,
dynasty|preset_dyn_12_sf,pick:2028:3:7,2028 3.07,PICK,,573,464,-0.19,,
dynasty|preset_dyn_12_sf,pick:2028:3:8,2028 3.08,PICK,,559,449,-0.197,,
dynasty|preset_dyn_12_sf,pick:2028:3:9,2028 3.09,PICK,,531,405,-0.237,,
dynasty|preset_dyn_12_sf,pick:2028:3:10,2028 3.10,PICK,,517,392,-0.242,,
dynasty|preset_dyn_12_sf,pick:2028:3:11,2028 3.11,PICK,,508,383,-0.246,,
dynasty|preset_dyn_12_sf,pick:2028:3:12,2028 3.12,PICK,,500,373,-0.254,,
dynasty|preset_dyn_12_sf,pick:2028:4,2028 4th,PICK,,420,331,-0.212,,
dynasty|preset_dyn_12_sf,pick:2028:4:early,2028 Early 4th,PICK,,482,379,-0.214,,
dynasty|preset_dyn_12_sf,pick:2028:4:mid,2028 Mid 4th,PICK,,410,328,-0.2,,
dynasty|preset_dyn_12_sf,pick:2028:4:late,2028 Late 4th,PICK,,368,287,-0.22,,
dynasty|preset_dyn_12_sf,pick:2028:4:1,2028 4.01,PICK,,509,393,-0.228,,
dynasty|preset_dyn_12_sf,pick:2028:4:2,2028 4.02,PICK,,495,383,-0.226,,
dynasty|preset_dyn_12_sf,pick:2028:4:3,2028 4.03,PICK,,471,374,-0.206,,
dynasty|preset_dyn_12_sf,pick:2028:4:4,2028 4.04,PICK,,451,365,-0.191,,
dynasty|preset_dyn_12_sf,pick:2028:4:5,2028 4.05,PICK,,438,355,-0.189,,
dynasty|preset_dyn_12_sf,pick:2028:4:6,2028 4.06,PICK,,424,346,-0.184,,
dynasty|preset_dyn_12_sf,pick:2028:4:7,2028 4.07,PICK,,395,312,-0.21,,
dynasty|preset_dyn_12_sf,pick:2028:4:8,2028 4.08,PICK,,384,299,-0.221,,
dynasty|preset_dyn_12_sf,pick:2028:4:9,2028 4.09,PICK,,378,294,-0.222,,
dynasty|preset_dyn_12_sf,pick:2028:4:10,2028 4.10,PICK,,374,290,-0.225,,
dynasty|preset_dyn_12_sf,pick:2028:4:11,2028 4.11,PICK,,370,285,-0.23,,
dynasty|preset_dyn_12_sf,pick:2028:4:12,2028 4.12,PICK,,351,279,-0.205,,
dynasty|preset_dyn_12_sf,pick:2029:1,2029 1st,PICK,,2101,2492,0.186,,
dynasty|preset_dyn_12_sf,pick:2029:1:early,2029 Early 1st,PICK,,2955,3394,0.149,,
dynasty|preset_dyn_12_sf,pick:2029:1:mid,2029 Mid 1st,PICK,,1904,2355,0.237,,
dynasty|preset_dyn_12_sf,pick:2029:1:late,2029 Late 1st,PICK,,1444,1728,0.197,,
dynasty|preset_dyn_12_sf,pick:2029:1:1,2029 1.01,PICK,,3672,4072,0.109,,
dynasty|preset_dyn_12_sf,pick:2029:1:2,2029 1.02,PICK,,3072,3463,0.127,,
dynasty|preset_dyn_12_sf,pick:2029:1:3,2029 1.03,PICK,,2811,3218,0.145,,
dynasty|preset_dyn_12_sf,pick:2029:1:4,2029 1.04,PICK,,2266,2822,0.245,,
dynasty|preset_dyn_12_sf,pick:2029:1:5,2029 1.05,PICK,,2052,2613,0.273,,
dynasty|preset_dyn_12_sf,pick:2029:1:6,2029 1.06,PICK,,1953,2414,0.236,,
dynasty|preset_dyn_12_sf,pick:2029:1:7,2029 1.07,PICK,,1865,2259,0.211,,
dynasty|preset_dyn_12_sf,pick:2029:1:8,2029 1.08,PICK,,1746,2136,0.223,,
dynasty|preset_dyn_12_sf,pick:2029:1:9,2029 1.09,PICK,,1655,2019,0.22,,
dynasty|preset_dyn_12_sf,pick:2029:1:10,2029 1.10,PICK,,1592,1908,0.198,,
dynasty|preset_dyn_12_sf,pick:2029:1:11,2029 1.11,PICK,,1281,1538,0.201,,
dynasty|preset_dyn_12_sf,pick:2029:1:12,2029 1.12,PICK,,1248,1448,0.16,,
dynasty|preset_dyn_12_sf,pick:2029:2,2029 2nd,PICK,,939,903,-0.038,,
dynasty|preset_dyn_12_sf,pick:2029:2:early,2029 Early 2nd,PICK,,1138,1161,0.02,,
dynasty|preset_dyn_12_sf,pick:2029:2:mid,2029 Mid 2nd,PICK,,931,902,-0.031,,
dynasty|preset_dyn_12_sf,pick:2029:2:late,2029 Late 2nd,PICK,,747,645,-0.137,,
dynasty|preset_dyn_12_sf,pick:2029:2:1,2029 2.01,PICK,,1177,1263,0.073,,
dynasty|preset_dyn_12_sf,pick:2029:2:2,2029 2.02,PICK,,1143,1188,0.039,,
dynasty|preset_dyn_12_sf,pick:2029:2:3,2029 2.03,PICK,,1127,1124,-0.003,,
dynasty|preset_dyn_12_sf,pick:2029:2:4,2029 2.04,PICK,,1103,1070,-0.03,,
dynasty|preset_dyn_12_sf,pick:2029:2:5,2029 2.05,PICK,,1016,1018,0.002,,
dynasty|preset_dyn_12_sf,pick:2029:2:6,2029 2.06,PICK,,980,970,-0.01,,
dynasty|preset_dyn_12_sf,pick:2029:2:7,2029 2.07,PICK,,887,838,-0.055,,
dynasty|preset_dyn_12_sf,pick:2029:2:8,2029 2.08,PICK,,841,780,-0.073,,
dynasty|preset_dyn_12_sf,pick:2029:2:9,2029 2.09,PICK,,797,717,-0.1,,
dynasty|preset_dyn_12_sf,pick:2029:2:10,2029 2.10,PICK,,760,662,-0.129,,
dynasty|preset_dyn_12_sf,pick:2029:2:11,2029 2.11,PICK,,741,621,-0.162,,
dynasty|preset_dyn_12_sf,pick:2029:2:12,2029 2.12,PICK,,690,580,-0.159,,
dynasty|preset_dyn_12_sf,pick:2029:3,2029 3rd,PICK,,645,518,-0.197,,
dynasty|preset_dyn_12_sf,pick:2029:3:early,2029 Early 3rd,PICK,,741,639,-0.138,,
dynasty|preset_dyn_12_sf,pick:2029:3:mid,2029 Mid 3rd,PICK,,622,497,-0.201,,
dynasty|preset_dyn_12_sf,pick:2029:3:late,2029 Late 3rd,PICK,,571,417,-0.27,,
dynasty|preset_dyn_12_sf,pick:2029:3:1,2029 3.01,PICK,,805,707,-0.122,,
dynasty|preset_dyn_12_sf,pick:2029:3:2,2029 3.02,PICK,,753,652,-0.134,,
dynasty|preset_dyn_12_sf,pick:2029:3:3,2029 3.03,PICK,,737,633,-0.141,,
dynasty|preset_dyn_12_sf,pick:2029:3:4,2029 3.04,PICK,,671,563,-0.161,,
dynasty|preset_dyn_12_sf,pick:2029:3:5,2029 3.05,PICK,,649,531,-0.182,,
dynasty|preset_dyn_12_sf,pick:2029:3:6,2029 3.06,PICK,,620,499,-0.195,,
dynasty|preset_dyn_12_sf,pick:2029:3:7,2029 3.07,PICK,,615,485,-0.211,,
dynasty|preset_dyn_12_sf,pick:2029:3:8,2029 3.08,PICK,,605,471,-0.221,,
dynasty|preset_dyn_12_sf,pick:2029:3:9,2029 3.09,PICK,,583,433,-0.257,,
dynasty|preset_dyn_12_sf,pick:2029:3:10,2029 3.10,PICK,,574,420,-0.268,,
dynasty|preset_dyn_12_sf,pick:2029:3:11,2029 3.11,PICK,,567,413,-0.272,,
dynasty|preset_dyn_12_sf,pick:2029:3:12,2029 3.12,PICK,,559,403,-0.279,,
dynasty|preset_dyn_12_sf,pick:2029:4,2029 4th,PICK,,500,396,-0.208,,
dynasty|preset_dyn_12_sf,pick:2029:4:early,2029 Early 4th,PICK,,560,437,-0.22,,
dynasty|preset_dyn_12_sf,pick:2029:4:mid,2029 Mid 4th,PICK,,489,392,-0.198,,
dynasty|preset_dyn_12_sf,pick:2029:4:late,2029 Late 4th,PICK,,451,360,-0.202,,
dynasty|preset_dyn_12_sf,pick:2029:4:1,2029 4.01,PICK,,587,452,-0.23,,
dynasty|preset_dyn_12_sf,pick:2029:4:2,2029 4.02,PICK,,574,440,-0.233,,
dynasty|preset_dyn_12_sf,pick:2029:4:3,2029 4.03,PICK,,551,432,-0.216,,
dynasty|preset_dyn_12_sf,pick:2029:4:4,2029 4.04,PICK,,530,423,-0.202,,
dynasty|preset_dyn_12_sf,pick:2029:4:5,2029 4.05,PICK,,515,415,-0.194,,
dynasty|preset_dyn_12_sf,pick:2029:4:6,2029 4.06,PICK,,499,406,-0.186,,
dynasty|preset_dyn_12_sf,pick:2029:4:7,2029 4.07,PICK,,478,380,-0.205,,
dynasty|preset_dyn_12_sf,pick:2029:4:8,2029 4.08,PICK,,466,368,-0.21,,
dynasty|preset_dyn_12_sf,pick:2029:4:9,2029 4.09,PICK,,459,364,-0.207,,
dynasty|preset_dyn_12_sf,pick:2029:4:10,2029 4.10,PICK,,454,360,-0.207,,
dynasty|preset_dyn_12_sf,pick:2029:4:11,2029 4.11,PICK,,452,358,-0.208,,
dynasty|preset_dyn_12_sf,pick:2029:4:12,2029 4.12,PICK,,438,358,-0.183,,
dynasty|preset_dyn_12_sf,P5b8d1915,Andre Szmyt,K,28,0,116,,,389
dynasty|preset_dyn_12_sf,P30fb17f7,Andrei Iosivas,WR,27,0,153,,,365
dynasty|preset_dyn_12_sf,DEF_ATL,Atlanta Falcons,DEF,,0,178,,,357
dynasty|preset_dyn_12_sf,P1a59f0b1,Audric Estime,RB,23.1,0,179,,,353
dynasty|preset_dyn_12_sf,P75899815,Barion Brown,WR,22.8,0,149,,,369
dynasty|preset_dyn_12_sf,P3c36a8c1,Brenen Thompson,WR,23.2,0,202,,,338
dynasty|preset_dyn_12_sf,Pb81482b4,Cam Akers,RB,27.3,0,105,,,399
dynasty|preset_dyn_12_sf,DEF_CAR,Carolina Panthers,DEF,,0,139,,,377
dynasty|preset_dyn_12_sf,Pce9d1674,Cedric Tillman,WR,26.5,0,234,,,327
dynasty|preset_dyn_12_sf,Pdff5b7a3,Chad Ryland,K,27,0,129,,,380
dynasty|preset_dyn_12_sf,DEF_CHI,Chicago Bears,DEF,,0,190,,,343
dynasty|preset_dyn_12_sf,Pd8949eca,Christian Kirk,WR,29.9,0,172,,,360
dynasty|preset_dyn_12_sf,Pde2558cc,CJ Daniels,WR,24.7,0,102,,,400
dynasty|preset_dyn_12_sf,P757ccc22,Colbie Young,WR,24.2,0,152,,,368
dynasty|preset_dyn_12_sf,P0478af8f,Colby Parkinson,TE,27.7,0,115,,,390
dynasty|preset_dyn_12_sf,DEF_DAL,Dallas Cowboys,DEF,,0,141,,,376
dynasty|preset_dyn_12_sf,P2eda84cd,Darius Slayton,WR,29.7,0,147,,,371
dynasty|preset_dyn_12_sf,P66f2ba91,Darnell Washington,TE,25.1,0,122,,,382
dynasty|preset_dyn_12_sf,P9cae5237,David Njoku,TE,30.2,0,113,,,394
dynasty|preset_dyn_12_sf,Pfc04521e,DeAndre Hopkins,WR,34.3,0,107,,,398
dynasty|preset_dyn_12_sf,P0e5a08f4,Demarcus Robinson,WR,32,0,110,,,396
dynasty|preset_dyn_12_sf,P448949ff,Dillon Gabriel,QB,25.8,0,236,,,324
dynasty|preset_dyn_12_sf,Pc781c973,Elijah Arroyo,TE,23.5,0,192,,,341
dynasty|preset_dyn_12_sf,P98ae4beb,Evan Engram,TE,32.1,0,146,,,372
dynasty|preset_dyn_12_sf,Pf2e167d5,Gabriel Davis,WR,27.5,0,160,,,362
dynasty|preset_dyn_12_sf,Pfd5a092b,Garrett Nussmeier,QB,24.7,0,511,,,255
dynasty|preset_dyn_12_sf,Pafc2aa02,George Holani,RB,26.8,0,133,,,378
dynasty|preset_dyn_12_sf,Pd2750ed1,Isaiah Bond,WR,22.6,0,122,,,383
dynasty|preset_dyn_12_sf,Pe7e15f32,Isaiah Davis,RB,24.6,0,153,,,366
dynasty|preset_dyn_12_sf,P5ace3dd2,Jahan Dotson,WR,26.5,0,178,,,355
dynasty|preset_dyn_12_sf,Pe83d02f9,Jake Browning,QB,30.5,0,353,,,296
dynasty|preset_dyn_12_sf,P7fbc6428,Jake Elliott,K,31.7,0,184,,,346
dynasty|preset_dyn_12_sf,P57fbc406,Jalen Royals,WR,23.6,0,202,,,339
dynasty|preset_dyn_12_sf,P9a94795f,James Conner,RB,31.4,0,114,,,392
dynasty|preset_dyn_12_sf,Pc59003b3,Jason Sanders,K,30.9,0,218,,,332
dynasty|preset_dyn_12_sf,Pb0b9cdd7,Jaydon Blue,RB,22.7,0,131,,,379
dynasty|preset_dyn_12_sf,Pe3391b1b,Jordan James,RB,22.5,0,114,,,391
dynasty|preset_dyn_12_sf,Pf2a3af90,Josh Cameron,WR,23.5,0,183,,,349
dynasty|preset_dyn_12_sf,P57d78226,Joshua Karty,K,24.6,0,325,,,305
dynasty|preset_dyn_12_sf,P36e7078c,Justice Hill,RB,28.9,0,120,,,385
dynasty|preset_dyn_12_sf,Pbc3576dc,Kendrick Bourne,WR,31.2,0,173,,,359
dynasty|preset_dyn_12_sf,P9c08d275,Kendrick Law,WR,23.3,0,118,,,387
dynasty|preset_dyn_12_sf,P58cfd5ec,Marquise Brown,WR,29.3,0,200,,,340
dynasty|preset_dyn_12_sf,Pc59d0849,Marvin Mims,WR,24.5,0,283,,,314
dynasty|preset_dyn_12_sf,P0dca3fe2,Matthew Hibner,TE,24.6,0,124,,,381
dynasty|preset_dyn_12_sf,Pb4406005,Max Klare,TE,23.2,0,242,,,322
dynasty|preset_dyn_12_sf,P65ac3d04,Michael Carter,RB,27.4,0,161,,,361
dynasty|preset_dyn_12_sf,P26936e95,Miles Sanders,RB,29.4,0,277,,,315
dynasty|preset_dyn_12_sf,P94a9c871,Mitchell Trubisky,QB,32.1,0,779,,,211
dynasty|preset_dyn_12_sf,Pda6f7d3d,Najee Harris,RB,28.6,0,184,,,348
dynasty|preset_dyn_12_sf,DEF_NO,New Orleans Saints,DEF,,0,179,,,354
dynasty|preset_dyn_12_sf,DEF_NYG,New York Giants,DEF,,0,141,,,375
dynasty|preset_dyn_12_sf,Pc890086c,Nick Chubb,RB,30.8,0,403,,,283
dynasty|preset_dyn_12_sf,Pe981ffec,Oscar Delp,TE,23.2,0,254,,,319
dynasty|preset_dyn_12_sf,Pc24ed6fa,Raheim Sanders,RB,24.3,0,113,,,393
dynasty|preset_dyn_12_sf,P1b3d8cce,Riley Leonard,QB,24.1,0,121,,,384
dynasty|preset_dyn_12_sf,Pc582e3e6,Riley Patterson,K,27.1,0,217,,,333
dynasty|preset_dyn_12_sf,P11b3fce4,Russell Wilson,QB,37.8,0,778,,,212
dynasty|preset_dyn_12_sf,Pf4a95365,Savion Williams,WR,24.9,0,117,,,388
dynasty|preset_dyn_12_sf,P5a97e2aa,Sean Tucker,RB,24.9,0,107,,,397
dynasty|preset_dyn_12_sf,Pfba83ae9,Seth McGowan,RB,24.9,0,159,,,363
dynasty|preset_dyn_12_sf,Pc9bffeaf,Sterling Shepard,WR,33.6,0,178,,,356
dynasty|preset_dyn_12_sf,DEF_TB,Tampa Bay Buccaneers,DEF,,0,147,,,370
dynasty|preset_dyn_12_sf,P8c44fa76,Tez Johnson,WR,24.4,0,182,,,351
dynasty|preset_dyn_12_sf,P465e00cf,Trey Lance,QB,26.4,0,478,,,260
dynasty|preset_dyn_12_sf,P84cf718a,Tyler Bass,K,29.6,0,120,,,386
dynasty|preset_dyn_12_sf,P7d531c89,Tyler Huntley,QB,28.7,0,183,,,350
dynasty|preset_dyn_12_sf,Pb45a304a,Tyrod Taylor,QB,37.2,0,370,,,290
dynasty|preset_dyn_12_sf,Pb9148447,Van Jefferson,WR,30.2,0,146,,,373
dynasty|preset_dyn_12_sf,DEF_WAS,Washington Commanders,DEF,,0,112,,,395
dynasty|preset_dyn_12_sf,P455dff3c,Zach Wilson,QB,27.2,0,539,,,247
dynasty|preset_dyn_12_sf,Pe57fbb09,Zavion Thomas,WR,22.6,0,203,,,337
dynasty|preset_dyn_12_sf,P1cb15a4e,Zay Jones,WR,31.5,0,142,,,374